model_name,loss_train,accuracy_train,time_total_train,time_predict,score_confusion_matrix,score_classification_report,score_accuracy,score_precision,score_recall,score_f1,cohen_kappa,sensitivity,specificity,score_matthews_corrcoef,score_roc_auc,score_top_k_accuracy,score_multilabel_confusion_matrix,score_jaccard_score,avg_pred,fitness,formalized_sol,raw_solutions
"((7, [array([[  4.        ,   1.        ,   0.        ,   2.        ,
          0.        ,   0.47619048,   0.        ,   4.        ],
       [  1.        ,   3.        ,   0.        ,  16.        ,
          2.        ,   3.        ,   1.        ,   0.        ],
       [  1.        ,   2.        ,   1.        ,  32.        ,
          2.        ,   4.        ,   0.        ,   1.        ],
       [  1.        ,   3.        ,   0.        ,  64.        ,
          2.        ,   4.        ,   1.        ,   1.        ],
       [  1.        ,   3.        ,   1.        , 128.        ,
          2.        ,   3.        ,   0.        ,   0.        ]]), 0.033072718257229385]), (([3, 0.0001, 'Adam', 3], False, (4, [[3, 'relu', 16, 2, 3, 'Avg', 'None'], [2, 'leakyrelu', 32, 2, 4, 'Max', 'L1'], [3, 'relu', 64, 2, 4, 'Avg', 'L1'], [3, 'leakyrelu', 128, 2, 3, 'Max', 'None']]), (2, ['softmax', 0.47619047619047616, 'None']), 'categorical_crossentropy'), [2.3818914890289307, 1.860994815826416, 1.451076865196228], [0.421875, 0.51953125, 0.515625], 28.2697, 0.62485313, <tf.Tensor: shape=(51,), dtype=float32, numpy=
array([15.825256 , 15.874765 , 15.866966 , 15.860688 , 15.865964 ,
       15.8690195, 15.878069 , 15.881909 , 15.87908  , 15.876858 ,
       15.88771  , 15.874456 , 15.882273 , 15.86449  , 15.85893  ,
       15.871927 , 13.04537  , 13.09089  , 13.0959015, 13.080751 ,
       13.114862 , 13.043636 , 13.120458 , 13.068902 , 13.10274  ,
       13.112734 , 12.992628 , 13.030706 , 13.043848 , 13.000207 ,
       13.031153 , 13.088634 , 13.1739645, 13.159473 , 13.081143 ,
       13.042585 , 12.961091 , 12.928341 , 12.977051 , 13.040834 ,
       13.074764 , 13.023666 , 13.060194 , 13.073508 , 12.916646 ,
       13.005802 , 13.047331 , 13.018047 , 12.980622 , 13.056241 ,
       12.961756 ], dtype=float32)>, array([[0., 0., 0., 0., 1., 0., 0., 0., 0., 0., 0., 0.],
       [0., 0., 0., 0., 1., 0., 0., 0., 0., 0., 0., 0.],
       [0., 0., 0., 0., 1., 0., 0., 0., 0., 0., 0., 0.],
       [0., 0., 0., 0., 1., 0., 0., 0., 0., 0., 0., 0.],
       [0., 0., 0., 0., 1., 0., 0., 0., 0., 0., 0., 0.],
       [0., 0., 0., 0., 1., 0., 0., 0., 0., 0., 0., 0.],
       [0., 0., 0., 0., 1., 0., 0., 0., 0., 0., 0., 0.],
       [0., 0., 0., 0., 1., 0., 0., 0., 0., 0., 0., 0.],
       [0., 0., 0., 0., 1., 0., 0., 0., 0., 0., 0., 0.],
       [0., 0., 0., 0., 1., 0., 0., 0., 0., 0., 0., 0.],
       [0., 0., 0., 0., 1., 0., 0., 0., 0., 0., 0., 0.],
       [0., 0., 0., 0., 1., 0., 0., 0., 0., 0., 0., 0.],
       [0., 0., 0., 0., 1., 0., 0., 0., 0., 0., 0., 0.],
       [0., 0., 0., 0., 1., 0., 0., 0., 0., 0., 0., 0.],
       [0., 0., 0., 0., 1., 0., 0., 0., 0., 0., 0., 0.],
       [0., 0., 0., 0., 1., 0., 0., 0., 0., 0., 0., 0.],
       [0., 1., 0., 0., 0., 0., 0., 0., 0., 0., 0., 0.],
       [0., 1., 0., 0., 0., 0., 0., 0., 0., 0., 0., 0.],
       [0., 1., 0., 0., 0., 0., 0., 0., 0., 0., 0., 0.],
       [0., 1., 0., 0., 0., 0., 0., 0., 0., 0., 0., 0.],
       [0., 1., 0., 0., 0., 0., 0., 0., 0., 0., 0., 0.],
       [0., 1., 0., 0., 0., 0., 0., 0., 0., 0., 0., 0.],
       [0., 1., 0., 0., 0., 0., 0., 0., 0., 0., 0., 0.],
       [0., 1., 0., 0., 0., 0., 0., 0., 0., 0., 0., 0.],
       [0., 1., 0., 0., 0., 0., 0., 0., 0., 0., 0., 0.],
       [0., 1., 0., 0., 0., 0., 0., 0., 0., 0., 0., 0.],
       [0., 1., 0., 0., 0., 0., 0., 0., 0., 0., 0., 0.],
       [0., 1., 0., 0., 0., 0., 0., 0., 0., 0., 0., 0.],
       [0., 1., 0., 0., 0., 0., 0., 0., 0., 0., 0., 0.],
       [0., 1., 0., 0., 0., 0., 0., 0., 0., 0., 0., 0.],
       [0., 1., 0., 0., 0., 0., 0., 0., 0., 0., 0., 0.],
       [0., 1., 0., 0., 0., 0., 0., 0., 0., 0., 0., 0.],
       [0., 1., 0., 0., 0., 0., 0., 0., 0., 0., 0., 0.],
       [0., 1., 0., 0., 0., 0., 0., 0., 0., 0., 0., 0.],
       [0., 1., 0., 0., 0., 0., 0., 0., 0., 0., 0., 0.],
       [0., 1., 0., 0., 0., 0., 0., 0., 0., 0., 0., 0.],
       [0., 1., 0., 0., 0., 0., 0., 0., 0., 0., 0., 0.],
       [0., 1., 0., 0., 0., 0., 0., 0., 0., 0., 0., 0.],
       [0., 1., 0., 0., 0., 0., 0., 0., 0., 0., 0., 0.],
       [0., 1., 0., 0., 0., 0., 0., 0., 0., 0., 0., 0.],
       [0., 1., 0., 0., 0., 0., 0., 0., 0., 0., 0., 0.],
       [0., 1., 0., 0., 0., 0., 0., 0., 0., 0., 0., 0.],
       [0., 1., 0., 0., 0., 0., 0., 0., 0., 0., 0., 0.],
       [0., 1., 0., 0., 0., 0., 0., 0., 0., 0., 0., 0.],
       [0., 1., 0., 0., 0., 0., 0., 0., 0., 0., 0., 0.],
       [0., 1., 0., 0., 0., 0., 0., 0., 0., 0., 0., 0.],
       [0., 1., 0., 0., 0., 0., 0., 0., 0., 0., 0., 0.],
       [0., 1., 0., 0., 0., 0., 0., 0., 0., 0., 0., 0.],
       [0., 1., 0., 0., 0., 0., 0., 0., 0., 0., 0., 0.],
       [0., 1., 0., 0., 0., 0., 0., 0., 0., 0., 0., 0.],
       [0., 1., 0., 0., 0., 0., 0., 0., 0., 0., 0., 0.]], dtype=float32), array([[8.6747564e-04, 1.8680403e-01, 3.3953790e-02, 8.0212083e-04,
        1.8168401e-02, 7.2752506e-02, 7.4961939e-04, 7.7965588e-04,
        6.8268567e-01, 7.1415282e-04, 7.9080352e-04, 9.3185692e-04],
       [6.0636207e-04, 1.8005554e-01, 2.9395701e-02, 5.5745844e-04,
        1.5096833e-02, 6.7071453e-02, 5.1352667e-04, 5.3705694e-04,
        7.0447689e-01, 4.8911531e-04, 5.4517266e-04, 6.5491599e-04],
       [6.4212520e-04, 1.8090022e-01, 2.9998250e-02, 5.8968517e-04,
        1.5580633e-02, 6.8346478e-02, 5.4723816e-04, 5.6945969e-04,
        7.0102656e-01, 5.2140671e-04, 5.7845004e-04, 6.9958158e-04],
       [6.7447039e-04, 1.8229690e-01, 3.0625610e-02, 6.2156288e-04,
        1.5969999e-02, 6.9165528e-02, 5.7576189e-04, 6.0247356e-04,
        6.9757915e-01, 5.4855761e-04, 6.0720288e-04, 7.3274504e-04],
       [6.4636715e-04, 1.8119930e-01, 2.9970473e-02, 5.9295603e-04,
        1.5642785e-02, 6.7936599e-02, 5.4692756e-04, 5.7178404e-04,
        7.0108819e-01, 5.2352191e-04, 5.8253150e-04, 6.9863163e-04],
       [6.3024368e-04, 1.8046370e-01, 2.9715741e-02, 5.7770853e-04,
        1.5453086e-02, 6.7445196e-02, 5.3848716e-04, 5.5822387e-04,
        7.0285743e-01, 5.1069440e-04, 5.6765851e-04, 6.8173412e-04],
       [5.8542559e-04, 1.7923294e-01, 2.9104402e-02, 5.3813303e-04,
        1.4891692e-02, 6.6424131e-02, 4.9952458e-04, 5.2108098e-04,
        7.0656401e-01, 4.7365419e-04, 5.2695844e-04, 6.3803123e-04],
       [5.6634226e-04, 1.7872666e-01, 2.8669542e-02, 5.1988009e-04,
        1.4653475e-02, 6.5835029e-02, 4.8199794e-04, 5.0351518e-04,
        7.0845908e-01, 4.5732892e-04, 5.1080633e-04, 6.1637897e-04],
       [5.8270810e-04, 1.7929481e-01, 2.9000292e-02, 5.3384429e-04,
        1.4829048e-02, 6.6420101e-02, 4.9559475e-04, 5.1710295e-04,
        7.0669925e-01, 4.7003571e-04, 5.2487809e-04, 6.3233153e-04],
       [5.9233222e-04, 1.7938539e-01, 2.9175989e-02, 5.4432749e-04,
        1.4966838e-02, 6.6636935e-02, 5.0391397e-04, 5.2709546e-04,
        7.0600981e-01, 4.7894378e-04, 5.3381250e-04, 6.4451667e-04],
       [5.4025865e-04, 1.7737353e-01, 2.8072579e-02, 4.9487269e-04,
        1.4293726e-02, 6.5128595e-02, 4.5830349e-04, 4.7909110e-04,
        7.1165264e-01, 4.3432743e-04, 4.8504691e-04, 5.8710499e-04],
       [6.0452783e-04, 1.7999825e-01, 2.9288964e-02, 5.5342907e-04,
        1.5115830e-02, 6.7136236e-02, 5.1382807e-04, 5.3651439e-04,
        7.0456439e-01, 4.8914150e-04, 5.4319290e-04, 6.5559382e-04],
       [5.6712952e-04, 1.7824137e-01, 2.8575661e-02, 5.2057771e-04,
        1.4631002e-02, 6.5951653e-02, 4.8140081e-04, 5.0393079e-04,
        7.0894212e-01, 4.5853850e-04, 5.1015773e-04, 6.1653985e-04],
       [6.5094681e-04, 1.8150164e-01, 3.0461801e-02, 5.9986673e-04,
        1.5734345e-02, 6.7871138e-02, 5.5320951e-04, 5.7667110e-04,
        7.0023102e-01, 5.2634050e-04, 5.8969407e-04, 7.0346345e-04],
       [6.8694563e-04, 1.8254852e-01, 3.0834051e-02, 6.2994612e-04,
        1.6079221e-02, 6.9357052e-02, 5.8268325e-04, 6.1262422e-04,
        6.9675541e-01, 5.5524625e-04, 6.1586272e-04, 7.4241403e-04],
       [6.2062859e-04, 1.8027355e-01, 2.9569568e-02, 5.7045335e-04,
        1.5272896e-02, 6.7292899e-02, 5.2373059e-04, 5.5173930e-04,
        7.0359582e-01, 5.0123571e-04, 5.5473507e-04, 6.7277654e-04],
       [9.7004429e-04, 1.9063823e-01, 3.5540897e-02, 8.9606905e-04,
        1.9159159e-02, 7.6393567e-02, 8.4625551e-04, 8.7140867e-04,
        6.7194808e-01, 8.0147356e-04, 8.8344305e-04, 1.0513411e-03],
       [8.2034606e-04, 1.8781410e-01, 3.3533178e-02, 7.5933308e-04,
        1.7671812e-02, 7.2810099e-02, 7.1152963e-04, 7.3890138e-04,
        6.8282199e-01, 6.7358819e-04, 7.5101387e-04, 8.9415855e-04],
       [7.8084902e-04, 1.8750311e-01, 3.3047933e-02, 7.2574778e-04,
        1.7213449e-02, 7.1342275e-02, 6.8253872e-04, 7.0907245e-04,
        6.8577927e-01, 6.4202445e-04, 7.1410032e-04, 8.5960218e-04],
       [8.4740878e-04, 1.8844329e-01, 3.4011628e-02, 7.8443310e-04,
        1.7936617e-02, 7.3353216e-02, 7.3608360e-04, 7.6353177e-04,
        6.8073070e-01, 6.9562369e-04, 7.7513757e-04, 9.2246401e-04],
       [7.7320519e-04, 1.8632692e-01, 3.2862261e-02, 7.1769406e-04,
        1.7148640e-02, 7.1053267e-02, 6.6925993e-04, 7.0365355e-04,
        6.8755251e-01, 6.3763343e-04, 7.0598064e-04, 8.4904511e-04],
       [9.4141555e-04, 1.9074583e-01, 3.5479184e-02, 8.7077869e-04,
        1.8900273e-02, 7.5356677e-02, 8.2271191e-04, 8.5018744e-04,
        6.7336684e-01, 7.7593193e-04, 8.6339313e-04, 1.0268298e-03],
       [8.1349799e-04, 1.8597968e-01, 3.3277918e-02, 7.5002719e-04,
        1.7562740e-02, 7.2059564e-02, 7.0754410e-04, 7.3060981e-04,
        6.8581682e-01, 6.7138905e-04, 7.4538973e-04, 8.8486372e-04],
       [8.8609039e-04, 1.8917815e-01, 3.4306254e-02, 8.1687630e-04,
        1.8290719e-02, 7.3974468e-02, 7.6659425e-04, 7.9264422e-04,
        6.7850041e-01, 7.2962913e-04, 8.0008508e-04, 9.5797877e-04],
       [8.6303125e-04, 1.8707883e-01, 3.3514749e-02, 7.9312746e-04,
        1.8036187e-02, 7.3196404e-02, 7.3744950e-04, 7.6384097e-04,
        6.8261337e-01, 7.0272095e-04, 7.7667553e-04, 9.2353567e-04],
       [8.5188972e-04, 1.8645881e-01, 3.3600703e-02, 7.8349299e-04,
        1.7869920e-02, 7.3861830e-02, 7.3914393e-04, 7.5941498e-04,
        6.8268859e-01, 6.9586764e-04, 7.7053619e-04, 9.1968215e-04],
       [1.1920021e-03, 1.9391051e-01, 3.8461238e-02, 1.1066077e-03,
        2.1260759e-02, 7.9807244e-02, 1.0532743e-03, 1.0702405e-03,
        6.5874803e-01, 9.9529175e-04, 1.1003787e-03, 1.2944973e-03],
       [9.6976286e-04, 1.9154799e-01, 3.5959695e-02, 8.9635554e-04,
        1.9201625e-02, 7.6050207e-02, 8.4288121e-04, 8.7571633e-04,
        6.7091662e-01, 7.9878006e-04, 8.8628876e-04, 1.0541036e-03],
       [1.0459640e-03, 1.9073261e-01, 3.6327429e-02, 9.6144754e-04,
        1.9891078e-02, 7.6978952e-02, 9.1023638e-04, 9.3255541e-04,
        6.6928136e-01, 8.7239302e-04, 9.4926805e-04, 1.1166759e-03],
       [1.1182289e-03, 1.9344023e-01, 3.7675068e-02, 1.0371067e-03,
        2.0520575e-02, 7.9189189e-02, 9.7291643e-04, 1.0147482e-03,
        6.6186816e-01, 9.2697138e-04, 1.0235716e-03, 1.2132472e-03],
       [1.0686098e-03, 1.9152033e-01, 3.6382698e-02, 9.6922123e-04,
        1.9923093e-02, 7.8363121e-02, 9.3751843e-04, 9.4275078e-04,
        6.6689152e-01, 8.9019572e-04, 9.6195150e-04, 1.1489915e-03],
       [8.4844750e-04, 1.8795419e-01, 3.3798803e-02, 7.8230392e-04,
        1.7912271e-02, 7.3181964e-02, 7.2268536e-04, 7.5104326e-04,
        6.8168825e-01, 6.8485667e-04, 7.6447928e-04, 9.1075053e-04],
       [6.5236411e-04, 1.8265992e-01, 3.0595366e-02, 5.9881771e-04,
        1.5688326e-02, 6.8516746e-02, 5.5909390e-04, 5.8227620e-04,
        6.9832015e-01, 5.2887929e-04, 5.8745034e-04, 7.1055023e-04],
       [6.7790964e-04, 1.8355894e-01, 3.0986806e-02, 6.2263565e-04,
        1.6070269e-02, 6.9175325e-02, 5.8095244e-04, 6.0414738e-04,
        6.9582355e-01, 5.5152149e-04, 6.1235443e-04, 7.3556119e-04],
       [8.3988212e-04, 1.8841884e-01, 3.3621393e-02, 7.7151228e-04,
        1.7809048e-02, 7.3219679e-02, 7.2650571e-04, 7.5284537e-04,
        6.8148285e-01, 6.8577658e-04, 7.5858616e-04, 9.1315835e-04],
       [9.5702190e-04, 1.9081107e-01, 3.5481047e-02, 8.8898517e-04,
        1.9138554e-02, 7.5510472e-02, 8.4741769e-04, 8.7124162e-04,
        6.7275500e-01, 7.9922151e-04, 8.8786928e-04, 1.0521410e-03],
       [1.2288878e-03, 1.9586705e-01, 3.8980551e-02, 1.1317170e-03,
        2.1497995e-02, 8.0807120e-02, 1.0762149e-03, 1.1040269e-03,
        6.5483242e-01, 1.0189894e-03, 1.1215358e-03, 1.3334720e-03],
       [1.4370385e-03, 1.9789903e-01, 4.1851465e-02, 1.3028216e-03,
        2.3144204e-02, 8.6750180e-02, 1.2718796e-03, 1.2905931e-03,
        6.4102364e-01, 1.1745511e-03, 1.3176660e-03, 1.5370194e-03],
       [1.0932528e-03, 1.9487694e-01, 3.7459627e-02, 1.0160465e-03,
        2.0443326e-02, 7.8932092e-02, 9.3368383e-04, 9.8196778e-04,
        6.6120803e-01, 8.8890444e-04, 9.9502027e-04, 1.1711711e-03],
       [9.1487874e-04, 1.9091964e-01, 3.5228793e-02, 8.4518990e-04,
        1.8479262e-02, 7.5163074e-02, 7.7535538e-04, 8.1624696e-04,
        6.7431313e-01, 7.4104615e-04, 8.1125030e-04, 9.9210651e-04],
       [9.0442039e-04, 1.8881471e-01, 3.4490861e-02, 8.3649845e-04,
        1.8545618e-02, 7.4525572e-02, 7.8504044e-04, 8.0603390e-04,
        6.7775351e-01, 7.3832949e-04, 8.2169636e-04, 9.7773783e-04],
       [9.2167599e-04, 1.9198479e-01, 3.5868425e-02, 8.6415652e-04,
        1.8670021e-02, 7.5131431e-02, 8.0760004e-04, 8.5297448e-04,
        6.7226917e-01, 7.5942656e-04, 8.4231177e-04, 1.0280240e-03],
       [9.4348349e-04, 1.8971854e-01, 3.5315219e-02, 8.6945214e-04,
        1.8760402e-02, 7.5660914e-02, 8.1873382e-04, 8.5748208e-04,
        6.7439473e-01, 7.7803002e-04, 8.5013831e-04, 1.0328477e-03],
       [8.4574416e-04, 1.8889229e-01, 3.4055658e-02, 7.8099745e-04,
        1.7903829e-02, 7.2613314e-02, 7.2621048e-04, 7.6432643e-04,
        6.8104708e-01, 6.8623835e-04, 7.6695503e-04, 9.1724063e-04],
       [1.1395698e-03, 1.9862455e-01, 3.8275667e-02, 1.0337282e-03,
        2.0734940e-02, 7.8399248e-02, 9.8575430e-04, 9.9093979e-04,
        6.5668029e-01, 9.1532432e-04, 1.0104134e-03, 1.2095689e-03],
       [9.1643701e-04, 1.9309303e-01, 3.5670146e-02, 8.5189746e-04,
        1.8585050e-02, 7.5334951e-02, 7.9665059e-04, 8.3620549e-04,
        6.7133451e-01, 7.5291080e-04, 8.2741678e-04, 1.0007333e-03],
       [9.7535062e-04, 1.9051661e-01, 3.5973202e-02, 9.0223126e-04,
        1.9223567e-02, 7.6188155e-02, 8.5343857e-04, 8.7160920e-04,
        6.7174512e-01, 8.0231915e-04, 8.8964438e-04, 1.0587357e-03],
       [1.0584692e-03, 1.9233340e-01, 3.6759373e-02, 9.7290700e-04,
        1.9838020e-02, 7.7344909e-02, 9.0710894e-04, 9.3913986e-04,
        6.6689724e-01, 8.6106709e-04, 9.5175876e-04, 1.1366140e-03],
       [1.0267437e-03, 1.9465545e-01, 3.6850058e-02, 9.4255514e-04,
        1.9955700e-02, 7.6713793e-02, 8.9823134e-04, 9.1293082e-04,
        6.6516626e-01, 8.3928346e-04, 9.3745248e-04, 1.1016460e-03],
       [8.5358589e-04, 1.8996379e-01, 3.3855170e-02, 7.8461441e-04,
        1.7922666e-02, 7.3785529e-02, 7.3319941e-04, 7.6026079e-04,
        6.7895246e-01, 6.9628330e-04, 7.7198137e-04, 9.2045398e-04],
       [1.2176404e-03, 1.9582583e-01, 3.8875021e-02, 1.1410627e-03,
        2.1487348e-02, 8.0032676e-02, 1.0638979e-03, 1.1048880e-03,
        6.5579772e-01, 1.0155658e-03, 1.1156419e-03, 1.3226150e-03]],
      dtype=float32)))","[2.3818914890289307, 1.860994815826416, 1.451076865196228]","[0.421875, 0.51953125, 0.515625]",28.2697,0.62485313,"[[ 0  0 35]
 [ 0  0 16]
 [ 0  0  0]]","              precision    recall  f1-score   support

           1       0.00      0.00      0.00      35.0
           4       0.00      0.00      0.00      16.0
           8       0.00      0.00      0.00       0.0

    accuracy                           0.00      51.0
   macro avg       0.00      0.00      0.00      51.0
weighted avg       0.00      0.00      0.00      51.0
",0,0,0,0,0,nan,nan,0,0,0,"[[[16.  0.]
  [35.  0.]]

 [[35.  0.]
  [16.  0.]]

 [[ 0. 51.]
  [ 0.  0.]]]",0,"tf.Tensor(
[15.825256  15.874765  15.866966  15.860688  15.865964  15.8690195
 15.878069  15.881909  15.87908   15.876858  15.88771   15.874456
 15.882273  15.86449   15.85893   15.871927  13.04537   13.09089
 13.0959015 13.080751  13.114862  13.043636  13.120458  13.068902
 13.10274   13.112734  12.992628  13.030706  13.043848  13.000207
 13.031153  13.088634  13.1739645 13.159473  13.081143  13.042585
 12.961091  12.928341  12.977051  13.040834  13.074764  13.023666
 13.060194  13.073508  12.916646  13.005802  13.047331  13.018047
 12.980622  13.056241  12.961756 ], shape=(51,), dtype=float32)",0.033072718,"[[  4.           1.           0.           2.           0.
    0.47619048   0.           4.        ]
 [  1.           3.           0.          16.           2.
    3.           1.           0.        ]
 [  1.           2.           1.          32.           2.
    4.           0.           1.        ]
 [  1.           3.           0.          64.           2.
    4.           1.           1.        ]
 [  1.           3.           1.         128.           2.
    3.           0.           0.        ]]","([3, 0.0001, 'Adam', 3], False, (4, [[3, 'relu', 16, 2, 3, 'Avg', 'None'], [2, 'leakyrelu', 32, 2, 4, 'Max', 'L1'], [3, 'relu', 64, 2, 4, 'Avg', 'L1'], [3, 'leakyrelu', 128, 2, 3, 'Max', 'None']]), (2, ['softmax', 0.47619047619047616, 'None']), 'categorical_crossentropy')"
"((21, [array([[  3.        ,   2.        ,   0.        ,   2.        ,
          0.        ,   0.45454545,   0.        ,   6.        ],
       [  1.        ,   2.        ,   1.        ,   8.        ,
          2.        ,   4.        ,   1.        ,   0.        ],
       [  1.        ,   3.        ,   1.        ,  16.        ,
          2.        ,   3.        ,   0.        ,   0.        ],
       [  1.        ,   2.        ,   0.        ,  32.        ,
          2.        ,   3.        ,   1.        ,   0.        ],
       [  1.        ,   3.        ,   1.        ,  64.        ,
          2.        ,   4.        ,   1.        ,   0.        ],
       [  1.        ,   3.        ,   0.        , 128.        ,
          2.        ,   3.        ,   1.        ,   1.        ],
       [  1.        ,   1.        ,   1.        , 256.        ,
          2.        ,   3.        ,   1.        ,   0.        ]]), 0.05424885198851614]), (([3, 0.001, 'RMSprop', 3], False, (6, [[2, 'leakyrelu', 8, 2, 4, 'Avg', 'None'], [3, 'leakyrelu', 16, 2, 3, 'Max', 'None'], [2, 'relu', 32, 2, 3, 'Avg', 'None'], [3, 'leakyrelu', 64, 2, 4, 'Avg', 'None'], [3, 'relu', 128, 2, 3, 'Avg', 'L1'], [1, 'leakyrelu', 256, 2, 3, 'Avg', 'None']]), (2, ['softmax', 0.45454545454545453, 'None']), 'categorical_crossentropy'), [2.664203405380249, 1.3893065452575684, 1.3477323055267334], [0.4453125, 0.51171875, 0.5234375], 16.5624, 0.53112531, <tf.Tensor: shape=(51,), dtype=float32, numpy=
array([15.507405 , 15.512462 , 15.51131  , 15.513427 , 15.512383 ,
       15.510968 , 15.512222 , 15.513135 , 15.5135145, 15.512771 ,
       15.513822 , 15.513852 , 15.513676 , 15.512523 , 15.513332 ,
       15.5137615, 12.6996355, 12.694407 , 12.693128 , 12.698341 ,
       12.694463 , 12.699796 , 12.701285 , 12.702768 , 12.69875  ,
       12.702186 , 12.705746 , 12.699236 , 12.699868 , 12.696868 ,
       12.697872 , 12.69751  , 12.698848 , 12.695476 , 12.700066 ,
       12.699472 , 12.697972 , 12.690499 , 12.696007 , 12.69831  ,
       12.697617 , 12.692782 , 12.695481 , 12.697571 , 12.695022 ,
       12.690995 , 12.696702 , 12.696882 , 12.692111 , 12.694886 ,
       12.69959  ], dtype=float32)>, array([[0., 0., 0., 0., 1., 0., 0., 0., 0., 0., 0., 0.],
       [0., 0., 0., 0., 1., 0., 0., 0., 0., 0., 0., 0.],
       [0., 0., 0., 0., 1., 0., 0., 0., 0., 0., 0., 0.],
       [0., 0., 0., 0., 1., 0., 0., 0., 0., 0., 0., 0.],
       [0., 0., 0., 0., 1., 0., 0., 0., 0., 0., 0., 0.],
       [0., 0., 0., 0., 1., 0., 0., 0., 0., 0., 0., 0.],
       [0., 0., 0., 0., 1., 0., 0., 0., 0., 0., 0., 0.],
       [0., 0., 0., 0., 1., 0., 0., 0., 0., 0., 0., 0.],
       [0., 0., 0., 0., 1., 0., 0., 0., 0., 0., 0., 0.],
       [0., 0., 0., 0., 1., 0., 0., 0., 0., 0., 0., 0.],
       [0., 0., 0., 0., 1., 0., 0., 0., 0., 0., 0., 0.],
       [0., 0., 0., 0., 1., 0., 0., 0., 0., 0., 0., 0.],
       [0., 0., 0., 0., 1., 0., 0., 0., 0., 0., 0., 0.],
       [0., 0., 0., 0., 1., 0., 0., 0., 0., 0., 0., 0.],
       [0., 0., 0., 0., 1., 0., 0., 0., 0., 0., 0., 0.],
       [0., 0., 0., 0., 1., 0., 0., 0., 0., 0., 0., 0.],
       [0., 1., 0., 0., 0., 0., 0., 0., 0., 0., 0., 0.],
       [0., 1., 0., 0., 0., 0., 0., 0., 0., 0., 0., 0.],
       [0., 1., 0., 0., 0., 0., 0., 0., 0., 0., 0., 0.],
       [0., 1., 0., 0., 0., 0., 0., 0., 0., 0., 0., 0.],
       [0., 1., 0., 0., 0., 0., 0., 0., 0., 0., 0., 0.],
       [0., 1., 0., 0., 0., 0., 0., 0., 0., 0., 0., 0.],
       [0., 1., 0., 0., 0., 0., 0., 0., 0., 0., 0., 0.],
       [0., 1., 0., 0., 0., 0., 0., 0., 0., 0., 0., 0.],
       [0., 1., 0., 0., 0., 0., 0., 0., 0., 0., 0., 0.],
       [0., 1., 0., 0., 0., 0., 0., 0., 0., 0., 0., 0.],
       [0., 1., 0., 0., 0., 0., 0., 0., 0., 0., 0., 0.],
       [0., 1., 0., 0., 0., 0., 0., 0., 0., 0., 0., 0.],
       [0., 1., 0., 0., 0., 0., 0., 0., 0., 0., 0., 0.],
       [0., 1., 0., 0., 0., 0., 0., 0., 0., 0., 0., 0.],
       [0., 1., 0., 0., 0., 0., 0., 0., 0., 0., 0., 0.],
       [0., 1., 0., 0., 0., 0., 0., 0., 0., 0., 0., 0.],
       [0., 1., 0., 0., 0., 0., 0., 0., 0., 0., 0., 0.],
       [0., 1., 0., 0., 0., 0., 0., 0., 0., 0., 0., 0.],
       [0., 1., 0., 0., 0., 0., 0., 0., 0., 0., 0., 0.],
       [0., 1., 0., 0., 0., 0., 0., 0., 0., 0., 0., 0.],
       [0., 1., 0., 0., 0., 0., 0., 0., 0., 0., 0., 0.],
       [0., 1., 0., 0., 0., 0., 0., 0., 0., 0., 0., 0.],
       [0., 1., 0., 0., 0., 0., 0., 0., 0., 0., 0., 0.],
       [0., 1., 0., 0., 0., 0., 0., 0., 0., 0., 0., 0.],
       [0., 1., 0., 0., 0., 0., 0., 0., 0., 0., 0., 0.],
       [0., 1., 0., 0., 0., 0., 0., 0., 0., 0., 0., 0.],
       [0., 1., 0., 0., 0., 0., 0., 0., 0., 0., 0., 0.],
       [0., 1., 0., 0., 0., 0., 0., 0., 0., 0., 0., 0.],
       [0., 1., 0., 0., 0., 0., 0., 0., 0., 0., 0., 0.],
       [0., 1., 0., 0., 0., 0., 0., 0., 0., 0., 0., 0.],
       [0., 1., 0., 0., 0., 0., 0., 0., 0., 0., 0., 0.],
       [0., 1., 0., 0., 0., 0., 0., 0., 0., 0., 0., 0.],
       [0., 1., 0., 0., 0., 0., 0., 0., 0., 0., 0., 0.],
       [0., 1., 0., 0., 0., 0., 0., 0., 0., 0., 0., 0.],
       [0., 1., 0., 0., 0., 0., 0., 0., 0., 0., 0., 0.]], dtype=float32), array([[5.3446018e-07, 2.1100289e-01, 1.2998120e-01, 5.1803238e-07,
        3.7888393e-02, 2.2967644e-01, 4.7688803e-07, 5.0307250e-07,
        3.9144745e-01, 4.8223154e-07, 5.1704916e-07, 4.9543695e-07],
       [5.3666565e-07, 2.1202461e-01, 1.2781081e-01, 5.1954197e-07,
        3.7574757e-02, 2.2849466e-01, 4.7916342e-07, 5.0562755e-07,
        3.9409164e-01, 4.8294822e-07, 5.1885371e-07, 4.9759200e-07],
       [5.3616850e-07, 2.1182139e-01, 1.2816747e-01, 5.1914674e-07,
        3.7646141e-02, 2.2870132e-01, 4.7866058e-07, 5.0506998e-07,
        3.9366007e-01, 4.8269044e-07, 5.1847292e-07, 4.9732688e-07],
       [5.3542976e-07, 2.1212055e-01, 1.2751901e-01, 5.1827578e-07,
        3.7514966e-02, 2.2836402e-01, 4.7809590e-07, 5.0455685e-07,
        3.9447793e-01, 4.8170415e-07, 5.1761094e-07, 4.9651186e-07],
       [5.3398946e-07, 2.1188410e-01, 1.2796697e-01, 5.1707292e-07,
        3.7579663e-02, 2.2851816e-01, 4.7669528e-07, 5.0304465e-07,
        3.9404762e-01, 4.8055864e-07, 5.1630275e-07, 4.9516871e-07],
       [5.3575752e-07, 2.1176273e-01, 1.2843090e-01, 5.1885127e-07,
        3.7667450e-02, 2.2878379e-01, 4.7816650e-07, 5.0449518e-07,
        3.9335158e-01, 4.8237615e-07, 5.1802908e-07, 4.9663061e-07],
       [5.3635881e-07, 2.1195781e-01, 1.2787728e-01, 5.1925531e-07,
        3.7589632e-02, 2.2852172e-01, 4.7885788e-07, 5.0535385e-07,
        3.9405000e-01, 4.8270658e-07, 5.1851453e-07, 4.9743227e-07],
       [5.3587530e-07, 2.1209507e-01, 1.2762050e-01, 5.1872235e-07,
        3.7533000e-02, 2.2838801e-01, 4.7841525e-07, 5.0487370e-07,
        3.9435989e-01, 4.8213718e-07, 5.1800060e-07, 4.9682927e-07],
       [5.3687808e-07, 2.1219671e-01, 1.2741695e-01, 5.1960529e-07,
        3.7509430e-02, 2.2827180e-01, 4.7937493e-07, 5.0588113e-07,
        3.9460152e-01, 4.8296840e-07, 5.1902043e-07, 4.9781215e-07],
       [5.3565952e-07, 2.1202777e-01, 1.2770215e-01, 5.1857728e-07,
        3.7555598e-02, 2.2844067e-01, 4.7827734e-07, 5.0473488e-07,
        3.9427027e-01, 4.8199450e-07, 5.1793279e-07, 4.9677516e-07],
       [5.3615884e-07, 2.1221033e-01, 1.2729619e-01, 5.1891664e-07,
        3.7490342e-02, 2.2825597e-01, 4.7881991e-07, 5.0534027e-07,
        3.9474353e-01, 4.8229424e-07, 5.1835872e-07, 4.9731403e-07],
       [5.3571779e-07, 2.1219690e-01, 1.2735415e-01, 5.1852390e-07,
        3.7488498e-02, 2.2828256e-01, 4.7839825e-07, 5.0488899e-07,
        3.9467433e-01, 4.8190259e-07, 5.1789726e-07, 4.9677988e-07],
       [5.3564486e-07, 2.1216577e-01, 1.2745683e-01, 5.1851458e-07,
        3.7499405e-02, 2.2828087e-01, 4.7828155e-07, 5.0478172e-07,
        3.9459351e-01, 4.8185399e-07, 5.1778875e-07, 4.9660099e-07],
       [5.3610552e-07, 2.1200185e-01, 1.2775205e-01, 5.1898184e-07,
        3.7571061e-02, 2.2848526e-01, 4.7866644e-07, 5.0513682e-07,
        3.9418632e-01, 4.8244641e-07, 5.1833831e-07, 4.9725139e-07],
       [5.3539782e-07, 2.1210212e-01, 1.2746923e-01, 5.1824833e-07,
        3.7520736e-02, 2.2836381e-01, 4.7811392e-07, 5.0454844e-07,
        3.9454058e-01, 4.8170989e-07, 5.1771485e-07, 4.9670206e-07],
       [5.3375624e-07, 2.1212344e-01, 1.2755215e-01, 5.1681798e-07,
        3.7494246e-02, 2.2836672e-01, 4.7661837e-07, 5.0296450e-07,
        3.9446002e-01, 4.8019621e-07, 5.1614711e-07, 4.9474806e-07],
       [5.3761391e-07, 2.1208823e-01, 1.2762788e-01, 5.2034386e-07,
        3.7567597e-02, 2.2845110e-01, 4.8005813e-07, 5.0660361e-07,
        3.9426160e-01, 4.8374437e-07, 5.1977895e-07, 4.9864764e-07],
       [5.3704423e-07, 2.1241255e-01, 1.2694150e-01, 5.1961695e-07,
        3.7423033e-02, 2.2801538e-01, 4.7959463e-07, 5.0622646e-07,
        3.9520392e-01, 4.8286228e-07, 5.1903055e-07, 4.9787934e-07],
       [5.3661978e-07, 2.1249224e-01, 1.2668009e-01, 5.1914532e-07,
        3.7382819e-02, 2.2791557e-01, 4.7928279e-07, 5.0592234e-07,
        3.9552587e-01, 4.8241020e-07, 5.1862327e-07, 4.9766186e-07],
       [5.3732566e-07, 2.1216857e-01, 1.2748396e-01, 5.2002713e-07,
        3.7527047e-02, 2.2831923e-01, 4.7975038e-07, 5.0631502e-07,
        3.9449763e-01, 4.8338586e-07, 5.1938821e-07, 4.9820062e-07],
       [5.3613002e-07, 2.1240939e-01, 1.2687543e-01, 5.1875020e-07,
        3.7407216e-02, 2.2798407e-01, 4.7876546e-07, 5.0535414e-07,
        3.9532056e-01, 4.8202736e-07, 5.1815982e-07, 4.9711758e-07],
       [5.3774806e-07, 2.1207844e-01, 1.2776202e-01, 5.2051234e-07,
        3.7574384e-02, 2.2846460e-01, 4.8008445e-07, 5.0663471e-07,
        3.9411706e-01, 4.8387886e-07, 5.1978759e-07, 4.9852565e-07],
       [5.3790734e-07, 2.1198593e-01, 1.2795010e-01, 5.2069635e-07,
        3.7617162e-02, 2.2861303e-01, 4.8022940e-07, 5.0673214e-07,
        3.9383021e-01, 4.8413068e-07, 5.2005413e-07, 4.9876559e-07],
       [5.3684306e-07, 2.1189392e-01, 1.2815309e-01, 5.1974291e-07,
        3.7632242e-02, 2.2864199e-01, 4.7913113e-07, 5.0559544e-07,
        3.9367521e-01, 4.8319629e-07, 5.1890487e-07, 4.9762878e-07],
       [5.3716360e-07, 2.1214330e-01, 1.2758872e-01, 5.1987575e-07,
        3.7542015e-02, 2.2839800e-01, 4.7951420e-07, 5.0599431e-07,
        3.9432448e-01, 4.8331287e-07, 5.1918300e-07, 4.9805885e-07],
       [5.3719197e-07, 2.1193004e-01, 1.2792711e-01, 5.1999393e-07,
        3.7616465e-02, 2.2852185e-01, 4.7958162e-07, 5.0611470e-07,
        3.9400098e-01, 4.8343662e-07, 5.1934074e-07, 4.9827810e-07],
       [5.3641929e-07, 2.1170928e-01, 1.2852015e-01, 5.1943317e-07,
        3.7690535e-02, 2.2879423e-01, 4.7871595e-07, 5.0513995e-07,
        3.9328232e-01, 4.8297562e-07, 5.1852447e-07, 4.9723360e-07],
       [5.3742417e-07, 2.1211317e-01, 1.2758745e-01, 5.2014627e-07,
        3.7552681e-02, 2.2839749e-01, 4.7987220e-07, 5.0644985e-07,
        3.9434576e-01, 4.8352751e-07, 5.1951321e-07, 4.9839173e-07],
       [5.3607408e-07, 2.1207383e-01, 1.2762013e-01, 5.1883910e-07,
        3.7535492e-02, 2.2837591e-01, 4.7857537e-07, 5.0508987e-07,
        3.9439106e-01, 4.8227275e-07, 5.1807172e-07, 4.9705528e-07],
       [5.3798419e-07, 2.1226007e-01, 1.2733364e-01, 5.2055367e-07,
        3.7504051e-02, 2.2823395e-01, 4.8033598e-07, 5.0692631e-07,
        3.9466479e-01, 4.8388409e-07, 5.1993499e-07, 4.9876263e-07],
       [5.3746408e-07, 2.1219771e-01, 1.2743768e-01, 5.2014565e-07,
        3.7518557e-02, 2.2830726e-01, 4.7991102e-07, 5.0642944e-07,
        3.9453527e-01, 4.8350438e-07, 5.1956266e-07, 4.9832607e-07],
       [5.3694276e-07, 2.1222015e-01, 1.2734035e-01, 5.1964167e-07,
        3.7498686e-02, 2.2826144e-01, 4.7944462e-07, 5.0605701e-07,
        3.9467582e-01, 4.8299302e-07, 5.1900480e-07, 4.9791635e-07],
       [5.3711472e-07, 2.1213706e-01, 1.2760127e-01, 5.1986910e-07,
        3.7539568e-02, 2.2834413e-01, 4.7950579e-07, 5.0605303e-07,
        3.9437437e-01, 4.8322005e-07, 5.1915964e-07, 4.9791481e-07],
       [5.3649484e-07, 2.1234635e-01, 1.2705211e-01, 5.1914128e-07,
        3.7438553e-02, 2.2808678e-01, 4.7907889e-07, 5.0568593e-07,
        3.9507267e-01, 4.8243868e-07, 5.1849912e-07, 4.9742550e-07],
       [5.3743355e-07, 2.1206155e-01, 1.2774868e-01, 5.2018561e-07,
        3.7574336e-02, 2.2846900e-01, 4.7975931e-07, 5.0626016e-07,
        3.9414284e-01, 4.8359499e-07, 5.1948609e-07, 4.9827406e-07],
       [5.3684016e-07, 2.1209848e-01, 1.2765834e-01, 5.1965287e-07,
        3.7550643e-02, 2.2843361e-01, 4.7930405e-07, 5.0582230e-07,
        3.9425546e-01, 4.8303428e-07, 5.1898428e-07, 4.9774667e-07],
       [5.3858395e-07, 2.1219145e-01, 1.2750576e-01, 5.2122749e-07,
        3.7547063e-02, 2.2837469e-01, 4.8092335e-07, 5.0750845e-07,
        3.9437750e-01, 4.8458162e-07, 5.2065172e-07, 4.9942730e-07],
       [5.3577338e-07, 2.1265519e-01, 1.2644584e-01, 5.1826964e-07,
        3.7315615e-02, 2.2785901e-01, 4.7856605e-07, 5.0511278e-07,
        3.9572084e-01, 4.8151747e-07, 5.1779290e-07, 4.9665613e-07],
       [5.3687739e-07, 2.1231334e-01, 1.2698403e-01, 5.1943317e-07,
        3.7444886e-02, 2.2808371e-01, 4.7948174e-07, 5.0614153e-07,
        3.9517042e-01, 4.8279372e-07, 5.1885542e-07, 4.9806602e-07],
       [5.3894991e-07, 2.1217056e-01, 1.2748438e-01, 5.2152689e-07,
        3.7557155e-02, 2.2835034e-01, 4.8126662e-07, 5.0785906e-07,
        3.9443401e-01, 4.8488681e-07, 5.2102382e-07, 4.9989245e-07],
       [5.3688694e-07, 2.1221356e-01, 1.2740448e-01, 5.1958858e-07,
        3.7498426e-02, 2.2824411e-01, 4.7932070e-07, 5.0588756e-07,
        3.9463589e-01, 4.8293265e-07, 5.1885428e-07, 4.9770074e-07],
       [5.3914709e-07, 2.1251349e-01, 1.2680554e-01, 5.2150034e-07,
        3.7422836e-02, 2.2797045e-01, 4.8149599e-07, 5.0817471e-07,
        3.9528412e-01, 4.8474789e-07, 5.2100870e-07, 4.9990081e-07],
       [5.3755025e-07, 2.1234602e-01, 1.2706348e-01, 5.2010307e-07,
        3.7458926e-02, 2.2812362e-01, 4.8007360e-07, 5.0670008e-07,
        3.9500442e-01, 4.8343429e-07, 5.1952907e-07, 4.9856766e-07],
       [5.3609375e-07, 2.1221638e-01, 1.2735915e-01, 5.1885814e-07,
        3.7486866e-02, 2.2824667e-01, 4.7865052e-07, 5.0517156e-07,
        3.9468738e-01, 4.8220954e-07, 5.1817130e-07, 4.9694796e-07],
       [5.3340568e-07, 2.1237458e-01, 1.2683928e-01, 5.1600693e-07,
        3.7354082e-02, 2.2815463e-01, 4.7629038e-07, 5.0278715e-07,
        3.9527389e-01, 4.7962652e-07, 5.1530964e-07, 4.9490723e-07],
       [5.3694862e-07, 2.1262430e-01, 1.2652856e-01, 5.1939367e-07,
        3.7340194e-02, 2.2782266e-01, 4.7956644e-07, 5.0618996e-07,
        3.9568073e-01, 4.8261290e-07, 5.1884660e-07, 4.9769056e-07],
       [5.3544693e-07, 2.1227032e-01, 1.2713809e-01, 5.1814862e-07,
        3.7449189e-02, 2.2817402e-01, 4.7811579e-07, 5.0464621e-07,
        3.9496490e-01, 4.8155516e-07, 5.1755546e-07, 4.9654199e-07],
       [5.3668691e-07, 2.1225916e-01, 1.2719497e-01, 5.1933262e-07,
        3.7475161e-02, 2.2817105e-01, 4.7923032e-07, 5.0582258e-07,
        3.9489615e-01, 4.8268413e-07, 5.1871882e-07, 4.9772086e-07],
       [5.3655822e-07, 2.1255520e-01, 1.2666430e-01, 5.1909223e-07,
        3.7361566e-02, 2.2788748e-01, 4.7910760e-07, 5.0573362e-07,
        3.9552802e-01, 4.8231118e-07, 5.1851288e-07, 4.9733433e-07],
       [5.3799556e-07, 2.1238291e-01, 1.2703140e-01, 5.2049023e-07,
        3.7446123e-02, 2.2809681e-01, 4.8047400e-07, 5.0711111e-07,
        3.9503917e-01, 4.8380434e-07, 5.1989741e-07, 4.9882550e-07],
       [5.3873327e-07, 2.1209113e-01, 1.2782171e-01, 5.2137301e-07,
        3.7595261e-02, 2.2852483e-01, 4.8094108e-07, 5.0740761e-07,
        3.9396349e-01, 4.8482224e-07, 5.2087404e-07, 4.9942565e-07]],
      dtype=float32)))","[2.664203405380249, 1.3893065452575684, 1.3477323055267334]","[0.4453125, 0.51171875, 0.5234375]",16.5624,0.53112531,"[[ 0  0 35]
 [ 0  0 16]
 [ 0  0  0]]","              precision    recall  f1-score   support

           1       0.00      0.00      0.00      35.0
           4       0.00      0.00      0.00      16.0
           8       0.00      0.00      0.00       0.0

    accuracy                           0.00      51.0
   macro avg       0.00      0.00      0.00      51.0
weighted avg       0.00      0.00      0.00      51.0
",0,0,0,0,0,nan,nan,0,0,0,"[[[16.  0.]
  [35.  0.]]

 [[35.  0.]
  [16.  0.]]

 [[ 0. 51.]
  [ 0.  0.]]]",0,"tf.Tensor(
[15.507405  15.512462  15.51131   15.513427  15.512383  15.510968
 15.512222  15.513135  15.5135145 15.512771  15.513822  15.513852
 15.513676  15.512523  15.513332  15.5137615 12.6996355 12.694407
 12.693128  12.698341  12.694463  12.699796  12.701285  12.702768
 12.69875   12.702186  12.705746  12.699236  12.699868  12.696868
 12.697872  12.69751   12.698848  12.695476  12.700066  12.699472
 12.697972  12.690499  12.696007  12.69831   12.697617  12.692782
 12.695481  12.697571  12.695022  12.690995  12.696702  12.696882
 12.692111  12.694886  12.69959  ], shape=(51,), dtype=float32)",0.054248852,"[[  3.           2.           0.           2.           0.
    0.45454545   0.           6.        ]
 [  1.           2.           1.           8.           2.
    4.           1.           0.        ]
 [  1.           3.           1.          16.           2.
    3.           0.           0.        ]
 [  1.           2.           0.          32.           2.
    3.           1.           0.        ]
 [  1.           3.           1.          64.           2.
    4.           1.           0.        ]
 [  1.           3.           0.         128.           2.
    3.           1.           1.        ]
 [  1.           1.           1.         256.           2.
    3.           1.           0.        ]]","([3, 0.001, 'RMSprop', 3], False, (6, [[2, 'leakyrelu', 8, 2, 4, 'Avg', 'None'], [3, 'leakyrelu', 16, 2, 3, 'Max', 'None'], [2, 'relu', 32, 2, 3, 'Avg', 'None'], [3, 'leakyrelu', 64, 2, 4, 'Avg', 'None'], [3, 'relu', 128, 2, 3, 'Avg', 'L1'], [1, 'leakyrelu', 256, 2, 3, 'Avg', 'None']]), (2, ['softmax', 0.45454545454545453, 'None']), 'categorical_crossentropy')"
"((26, [array([[  3.        ,   6.        ,   1.        ,   1.        ,
          0.        ,   0.43478261,   1.        ,   6.        ],
       [  1.        ,   2.        ,   1.        ,   8.        ,
          2.        ,   4.        ,   0.        ,   0.        ],
       [  1.        ,   3.        ,   0.        ,  16.        ,
          2.        ,   3.        ,   1.        ,   1.        ],
       [  1.        ,   3.        ,   1.        ,  32.        ,
          2.        ,   3.        ,   0.        ,   0.        ],
       [  1.        ,   3.        ,   0.        ,  64.        ,
          2.        ,   2.        ,   1.        ,   0.        ],
       [  1.        ,   2.        ,   0.        , 128.        ,
          2.        ,   2.        ,   1.        ,   1.        ],
       [  1.        ,   3.        ,   1.        , 256.        ,
          2.        ,   2.        ,   0.        ,   1.        ]]), 0.048232596413403696]), (([3, 0.001, 'Adamax', 3], True, (6, [[2, 'leakyrelu', 8, 2, 4, 'Max', 'None'], [3, 'relu', 16, 2, 3, 'Avg', 'L1'], [3, 'leakyrelu', 32, 2, 3, 'Max', 'None'], [3, 'relu', 64, 2, 2, 'Avg', 'None'], [2, 'relu', 128, 2, 2, 'Avg', 'L1'], [3, 'leakyrelu', 256, 2, 2, 'Max', 'L1']]), (1, ['softmax', 0.4347826086956522, 'L1']), 'categorical_crossentropy'), [2.2829434871673584, 1.6708167791366577, 1.584679365158081], [0.4609375, 0.48828125, 0.4296875], 18.7185, 0.49988437, <tf.Tensor: shape=(51,), dtype=float32, numpy=
array([15.251395 , 15.306849 , 15.301186 , 15.313899 , 15.299454 ,
       15.305606 , 15.3057575, 15.305456 , 15.303224 , 15.301263 ,
       15.305176 , 15.306516 , 15.304373 , 15.301909 , 15.291285 ,
       15.302929 , 12.943046 , 12.939232 , 12.940503 , 12.944324 ,
       12.951157 , 12.957096 , 12.963324 , 12.953673 , 12.947056 ,
       12.946912 , 12.957709 , 12.941165 , 12.935555 , 12.930979 ,
       12.93824  , 12.946269 , 12.963012 , 12.958748 , 12.965642 ,
       12.932629 , 12.9213505, 12.877417 , 12.946894 , 12.958011 ,
       12.942336 , 12.944122 , 12.943131 , 12.954707 , 12.931876 ,
       12.950041 , 12.9351   , 12.946574 , 12.898841 , 12.933592 ,
       12.941135 ], dtype=float32)>, array([[0., 0., 0., 0., 1., 0., 0., 0., 0., 0., 0., 0.],
       [0., 0., 0., 0., 1., 0., 0., 0., 0., 0., 0., 0.],
       [0., 0., 0., 0., 1., 0., 0., 0., 0., 0., 0., 0.],
       [0., 0., 0., 0., 1., 0., 0., 0., 0., 0., 0., 0.],
       [0., 0., 0., 0., 1., 0., 0., 0., 0., 0., 0., 0.],
       [0., 0., 0., 0., 1., 0., 0., 0., 0., 0., 0., 0.],
       [0., 0., 0., 0., 1., 0., 0., 0., 0., 0., 0., 0.],
       [0., 0., 0., 0., 1., 0., 0., 0., 0., 0., 0., 0.],
       [0., 0., 0., 0., 1., 0., 0., 0., 0., 0., 0., 0.],
       [0., 0., 0., 0., 1., 0., 0., 0., 0., 0., 0., 0.],
       [0., 0., 0., 0., 1., 0., 0., 0., 0., 0., 0., 0.],
       [0., 0., 0., 0., 1., 0., 0., 0., 0., 0., 0., 0.],
       [0., 0., 0., 0., 1., 0., 0., 0., 0., 0., 0., 0.],
       [0., 0., 0., 0., 1., 0., 0., 0., 0., 0., 0., 0.],
       [0., 0., 0., 0., 1., 0., 0., 0., 0., 0., 0., 0.],
       [0., 0., 0., 0., 1., 0., 0., 0., 0., 0., 0., 0.],
       [0., 1., 0., 0., 0., 0., 0., 0., 0., 0., 0., 0.],
       [0., 1., 0., 0., 0., 0., 0., 0., 0., 0., 0., 0.],
       [0., 1., 0., 0., 0., 0., 0., 0., 0., 0., 0., 0.],
       [0., 1., 0., 0., 0., 0., 0., 0., 0., 0., 0., 0.],
       [0., 1., 0., 0., 0., 0., 0., 0., 0., 0., 0., 0.],
       [0., 1., 0., 0., 0., 0., 0., 0., 0., 0., 0., 0.],
       [0., 1., 0., 0., 0., 0., 0., 0., 0., 0., 0., 0.],
       [0., 1., 0., 0., 0., 0., 0., 0., 0., 0., 0., 0.],
       [0., 1., 0., 0., 0., 0., 0., 0., 0., 0., 0., 0.],
       [0., 1., 0., 0., 0., 0., 0., 0., 0., 0., 0., 0.],
       [0., 1., 0., 0., 0., 0., 0., 0., 0., 0., 0., 0.],
       [0., 1., 0., 0., 0., 0., 0., 0., 0., 0., 0., 0.],
       [0., 1., 0., 0., 0., 0., 0., 0., 0., 0., 0., 0.],
       [0., 1., 0., 0., 0., 0., 0., 0., 0., 0., 0., 0.],
       [0., 1., 0., 0., 0., 0., 0., 0., 0., 0., 0., 0.],
       [0., 1., 0., 0., 0., 0., 0., 0., 0., 0., 0., 0.],
       [0., 1., 0., 0., 0., 0., 0., 0., 0., 0., 0., 0.],
       [0., 1., 0., 0., 0., 0., 0., 0., 0., 0., 0., 0.],
       [0., 1., 0., 0., 0., 0., 0., 0., 0., 0., 0., 0.],
       [0., 1., 0., 0., 0., 0., 0., 0., 0., 0., 0., 0.],
       [0., 1., 0., 0., 0., 0., 0., 0., 0., 0., 0., 0.],
       [0., 1., 0., 0., 0., 0., 0., 0., 0., 0., 0., 0.],
       [0., 1., 0., 0., 0., 0., 0., 0., 0., 0., 0., 0.],
       [0., 1., 0., 0., 0., 0., 0., 0., 0., 0., 0., 0.],
       [0., 1., 0., 0., 0., 0., 0., 0., 0., 0., 0., 0.],
       [0., 1., 0., 0., 0., 0., 0., 0., 0., 0., 0., 0.],
       [0., 1., 0., 0., 0., 0., 0., 0., 0., 0., 0., 0.],
       [0., 1., 0., 0., 0., 0., 0., 0., 0., 0., 0., 0.],
       [0., 1., 0., 0., 0., 0., 0., 0., 0., 0., 0., 0.],
       [0., 1., 0., 0., 0., 0., 0., 0., 0., 0., 0., 0.],
       [0., 1., 0., 0., 0., 0., 0., 0., 0., 0., 0., 0.],
       [0., 1., 0., 0., 0., 0., 0., 0., 0., 0., 0., 0.],
       [0., 1., 0., 0., 0., 0., 0., 0., 0., 0., 0., 0.],
       [0., 1., 0., 0., 0., 0., 0., 0., 0., 0., 0., 0.],
       [0., 1., 0., 0., 0., 0., 0., 0., 0., 0., 0., 0.]], dtype=float32), array([[6.50521426e-04, 1.97929278e-01, 9.80609953e-02, 6.64978113e-04,
        5.37718870e-02, 1.26515433e-01, 4.78021393e-04, 3.65199143e-04,
        5.20163417e-01, 5.42251975e-04, 4.39387688e-04, 4.18614247e-04],
       [5.05710312e-04, 1.95623636e-01, 9.42286775e-02, 5.20597445e-04,
        5.03314584e-02, 1.23078138e-01, 3.66661232e-04, 2.75020459e-04,
        5.33995986e-01, 4.18660202e-04, 3.35179153e-04, 3.20251245e-04],
       [5.21844835e-04, 1.96097270e-01, 9.47609246e-02, 5.36256703e-04,
        5.06828837e-02, 1.23585358e-01, 3.78456520e-04, 2.84363137e-04,
        5.32045722e-01, 4.31314518e-04, 3.45341308e-04, 3.30338109e-04],
       [4.88860998e-04, 1.95097834e-01, 9.37100947e-02, 5.03468444e-04,
        4.98940796e-02, 1.22562625e-01, 3.53975280e-04, 2.64991861e-04,
        5.36087930e-01, 4.04217368e-04, 3.23000946e-04, 3.08976014e-04],
       [5.27077878e-04, 1.96634993e-01, 9.49475691e-02, 5.41206449e-04,
        5.07903099e-02, 1.23840101e-01, 3.81934282e-04, 2.87629868e-04,
        5.30931473e-01, 4.35470225e-04, 3.48823989e-04, 3.33557517e-04],
       [5.10220998e-04, 1.95945188e-01, 9.43889543e-02, 5.24684030e-04,
        5.04084900e-02, 1.23326071e-01, 3.69534682e-04, 2.77382234e-04,
        5.33167243e-01, 4.21766163e-04, 3.37722129e-04, 3.22753738e-04],
       [5.08465338e-04, 1.95623621e-01, 9.43150893e-02, 5.22838440e-04,
        5.03990687e-02, 1.23117357e-01, 3.68687819e-04, 2.76920793e-04,
        5.33788800e-01, 4.20648517e-04, 3.36663099e-04, 3.21826170e-04],
       [5.09724661e-04, 1.95890859e-01, 9.43288207e-02, 5.23949158e-04,
        5.04178032e-02, 1.23178631e-01, 3.69513640e-04, 2.77828192e-04,
        5.33420980e-01, 4.21441247e-04, 3.37694888e-04, 3.22694774e-04],
       [5.14732616e-04, 1.95868716e-01, 9.45388824e-02, 5.29985467e-04,
        5.05562946e-02, 1.23333797e-01, 3.73445073e-04, 2.80616398e-04,
        5.32909632e-01, 4.26183542e-04, 3.41226551e-04, 3.26469250e-04],
       [5.18748478e-04, 1.95847273e-01, 9.45954621e-02, 5.33749349e-04,
        5.06779589e-02, 1.23416461e-01, 3.76593991e-04, 2.83188856e-04,
        5.32647252e-01, 4.29825101e-04, 3.44431319e-04, 3.29071860e-04],
       [5.09822625e-04, 1.95735395e-01, 9.43180919e-02, 5.24640724e-04,
        5.04351817e-02, 1.23207390e-01, 3.69714602e-04, 2.77865853e-04,
        5.33539057e-01, 4.22040757e-04, 3.37968755e-04, 3.22826818e-04],
       [5.08360157e-04, 1.95901662e-01, 9.43271220e-02, 5.22531976e-04,
        5.03520519e-02, 1.23258874e-01, 3.68060893e-04, 2.76559411e-04,
        5.33407688e-01, 4.19938675e-04, 3.36059893e-04, 3.21057974e-04],
       [5.11369260e-04, 1.95676029e-01, 9.44156051e-02, 5.25938522e-04,
        5.04849590e-02, 1.23250522e-01, 3.70991474e-04, 2.78483349e-04,
        5.33399999e-01, 4.23232239e-04, 3.38956685e-04, 3.23851098e-04],
       [5.18532121e-04, 1.95873365e-01, 9.46385786e-02, 5.32702135e-04,
        5.06378487e-02, 1.23492032e-01, 3.76063923e-04, 2.82522320e-04,
        5.32547474e-01, 4.28828353e-04, 3.43630789e-04, 3.28410213e-04],
       [5.42524620e-04, 1.96209088e-01, 9.52976719e-02, 5.58519736e-04,
        5.12969457e-02, 1.24007940e-01, 3.94970295e-04, 2.97564868e-04,
        5.30236900e-01, 4.50746418e-04, 3.61472543e-04, 3.45619716e-04],
       [5.14934422e-04, 1.95645645e-01, 9.44710374e-02, 5.29713870e-04,
        5.05746789e-02, 1.23331532e-01, 3.73693591e-04, 2.80948734e-04,
        5.33183396e-01, 4.26520419e-04, 3.41616804e-04, 3.26317677e-04],
       [6.03961758e-04, 1.96986705e-01, 9.69633833e-02, 6.21576444e-04,
        5.27338348e-02, 1.25495031e-01, 4.42231656e-04, 3.35945573e-04,
        5.24520457e-01, 5.03864547e-04, 4.05307132e-04, 3.87758133e-04],
       [5.76873659e-04, 1.97223172e-01, 9.61717144e-02, 5.90654672e-04,
        5.19943200e-02, 1.24977618e-01, 4.20210738e-04, 3.19616083e-04,
        5.26495993e-01, 4.77675057e-04, 3.84658691e-04, 3.67410568e-04],
       [5.96809958e-04, 1.97144479e-01, 9.65671316e-02, 6.11062220e-04,
        5.26372641e-02, 1.25135005e-01, 4.36773116e-04, 3.33768374e-04,
        5.25257170e-01, 4.96572873e-04, 4.01606754e-04, 3.82338651e-04],
       [5.51419216e-04, 1.96907327e-01, 9.54658464e-02, 5.65308670e-04,
        5.13967611e-02, 1.24292359e-01, 4.00638033e-04, 3.03503824e-04,
        5.28943896e-01, 4.56259761e-04, 3.66591936e-04, 3.50053248e-04],
       [5.48424607e-04, 1.96483508e-01, 9.53111872e-02, 5.61466266e-04,
        5.13519160e-02, 1.24216437e-01, 3.98562959e-04, 3.02100641e-04,
        5.29660642e-01, 4.53451416e-04, 3.64567677e-04, 3.47781024e-04],
       [5.05776843e-04, 1.96114972e-01, 9.43195820e-02, 5.19222580e-04,
        5.03025465e-02, 1.23106889e-01, 3.65970744e-04, 2.75413244e-04,
        5.33419073e-01, 4.16990457e-04, 3.34042823e-04, 3.19491635e-04],
       [5.01868373e-04, 1.95728511e-01, 9.41697359e-02, 5.15161548e-04,
        5.02276942e-02, 1.22876041e-01, 3.63504922e-04, 2.72764824e-04,
        5.34282267e-01, 4.13707312e-04, 3.31231713e-04, 3.17505794e-04],
       [5.12930332e-04, 1.96327388e-01, 9.45202783e-02, 5.25768613e-04,
        5.04615344e-02, 1.23352647e-01, 3.71147733e-04, 2.78970605e-04,
        5.32563925e-01, 4.22793382e-04, 3.38972575e-04, 3.23727611e-04],
       [5.46563417e-04, 1.96737856e-01, 9.56916288e-02, 5.62892586e-04,
        5.13268560e-02, 1.24369040e-01, 3.97782394e-04, 2.98305094e-04,
        5.28903961e-01, 4.53068176e-04, 3.63479106e-04, 3.48618312e-04],
       [5.67147217e-04, 1.96746871e-01, 9.62427929e-02, 5.83077664e-04,
        5.19913808e-02, 1.24498539e-01, 4.14331560e-04, 3.14226432e-04,
        5.27428567e-01, 4.70810628e-04, 3.78951343e-04, 3.63328698e-04],
       [5.17203705e-04, 1.96076900e-01, 9.45567340e-02, 5.30139543e-04,
        5.05599156e-02, 1.23396963e-01, 3.74740630e-04, 2.82477093e-04,
        5.32610059e-01, 4.26209910e-04, 3.41838371e-04, 3.26912239e-04],
       [5.86462033e-04, 1.97103322e-01, 9.64368060e-02, 6.00987987e-04,
        5.23136184e-02, 1.25057250e-01, 4.28203872e-04, 3.26210487e-04,
        5.25893509e-01, 4.86786768e-04, 3.92282993e-04, 3.74558294e-04],
       [5.81970497e-04, 1.97451457e-01, 9.64285359e-02, 5.94833109e-04,
        5.21139987e-02, 1.25028402e-01, 4.23996447e-04, 3.21366620e-04,
        5.25815487e-01, 4.81521274e-04, 3.87945562e-04, 3.70513095e-04],
       [6.19274157e-04, 1.97735429e-01, 9.72409844e-02, 6.34329277e-04,
        5.30303344e-02, 1.25911877e-01, 4.53279383e-04, 3.46655550e-04,
        5.22699773e-01, 5.15099557e-04, 4.16134251e-04, 3.96879303e-04],
       [6.08297705e-04, 1.97284847e-01, 9.71071497e-02, 6.24567387e-04,
        5.29597774e-02, 1.25162691e-01, 4.45969927e-04, 3.41533218e-04,
        5.24157703e-01, 5.06771205e-04, 4.08435968e-04, 3.92268703e-04],
       [5.51299774e-04, 1.96786761e-01, 9.55396295e-02, 5.66303614e-04,
        5.14720716e-02, 1.24260567e-01, 4.01221012e-04, 3.03112814e-04,
        5.28942764e-01, 4.57175600e-04, 3.67891014e-04, 3.51284340e-04],
       [5.06014097e-04, 1.95747882e-01, 9.41095576e-02, 5.19570138e-04,
        5.03465720e-02, 1.22951999e-01, 3.66949913e-04, 2.77001818e-04,
        5.34100771e-01, 4.18014592e-04, 3.35341319e-04, 3.20243824e-04],
       [5.15255786e-04, 1.96012512e-01, 9.43773985e-02, 5.28310949e-04,
        5.05341440e-02, 1.23300545e-01, 3.73480929e-04, 2.81997025e-04,
        5.32984197e-01, 4.25203412e-04, 3.41260660e-04, 3.25779169e-04],
       [5.09085075e-04, 1.95584759e-01, 9.41308960e-02, 5.23232389e-04,
        5.04088514e-02, 1.23006843e-01, 3.69410438e-04, 2.78973021e-04,
        5.34106433e-01, 4.21237724e-04, 3.37850943e-04, 3.22441309e-04],
       [5.62734378e-04, 1.97633043e-01, 9.58617926e-02, 5.77035651e-04,
        5.17454743e-02, 1.24394454e-01, 4.09102504e-04, 3.11395648e-04,
        5.27303994e-01, 4.66168480e-04, 3.75981472e-04, 3.58869060e-04],
       [6.26028923e-04, 1.98332667e-01, 9.76173878e-02, 6.41713908e-04,
        5.32499775e-02, 1.26028314e-01, 4.58303140e-04, 3.50950781e-04,
        5.21349907e-01, 5.20856353e-04, 4.21034143e-04, 4.02865437e-04],
       [7.97738496e-04, 2.01058403e-01, 1.01222739e-01, 8.24640680e-04,
        5.67812622e-02, 1.29189774e-01, 5.91700722e-04, 4.61324613e-04,
        5.07314146e-01, 6.77262433e-04, 5.53039717e-04, 5.27938129e-04],
       [5.85848233e-04, 1.96747869e-01, 9.63738263e-02, 5.99552528e-04,
        5.22700325e-02, 1.25063375e-01, 4.27588529e-04, 3.25155881e-04,
        5.26355624e-01, 4.86017030e-04, 3.91335954e-04, 3.73708230e-04],
       [5.58181375e-04, 1.96058095e-01, 9.56677049e-02, 5.74409321e-04,
        5.17050885e-02, 1.24254130e-01, 4.07358777e-04, 3.08426534e-04,
        5.29272437e-01, 4.64598503e-04, 3.72833281e-04, 3.56680976e-04],
       [5.59421664e-04, 1.97030708e-01, 9.57205892e-02, 5.72832127e-04,
        5.15624098e-02, 1.24409601e-01, 4.07011597e-04, 3.08704301e-04,
        5.28238654e-01, 4.62331926e-04, 3.72091221e-04, 3.55617842e-04],
       [6.00376457e-04, 1.96919903e-01, 9.65797976e-02, 6.15695433e-04,
        5.27050830e-02, 1.25128210e-01, 4.39681491e-04, 3.37516976e-04,
        5.25384724e-01, 5.00260270e-04, 4.04046616e-04, 3.84727842e-04],
       [5.97867882e-04, 1.96981415e-01, 9.66111049e-02, 6.13241340e-04,
        5.26257232e-02, 1.25204146e-01, 4.37534240e-04, 3.34969285e-04,
        5.25311828e-01, 4.97895933e-04, 4.01260506e-04, 3.83025152e-04],
       [5.59657521e-04, 1.96263194e-01, 9.56033394e-02, 5.74345759e-04,
        5.17047644e-02, 1.24370240e-01, 4.08329361e-04, 3.10554547e-04,
        5.29010475e-01, 4.64714540e-04, 3.73763323e-04, 3.56670382e-04],
       [6.45113643e-04, 1.97679743e-01, 9.77268517e-02, 6.57948724e-04,
        5.33736311e-02, 1.26573101e-01, 4.71325038e-04, 3.63961590e-04,
        5.21132231e-01, 5.33376762e-04, 4.31156222e-04, 4.11652523e-04],
       [6.04037254e-04, 1.96552828e-01, 9.67274010e-02, 6.19549828e-04,
        5.28227836e-02, 1.25330865e-01, 4.43199620e-04, 3.38608545e-04,
        5.25262117e-01, 5.04260941e-04, 4.06969950e-04, 3.87470587e-04],
       [6.35132019e-04, 1.97479621e-01, 9.76965204e-02, 6.52306655e-04,
        5.34304120e-02, 1.26175135e-01, 4.65443358e-04, 3.57200450e-04,
        5.21743119e-01, 5.29303448e-04, 4.26302169e-04, 4.09521424e-04],
       [5.61857072e-04, 1.96767688e-01, 9.57808569e-02, 5.75437152e-04,
        5.16947284e-02, 1.24533139e-01, 4.09058848e-04, 3.10470205e-04,
        5.28170705e-01, 4.64832294e-04, 3.73818417e-04, 3.57387180e-04],
       [6.26034220e-04, 1.99729234e-01, 9.72832069e-02, 6.40682760e-04,
        5.30095696e-02, 1.26186743e-01, 4.55833244e-04, 3.50803486e-04,
        5.20379186e-01, 5.18606743e-04, 4.19460208e-04, 4.00630146e-04],
       [6.11102267e-04, 1.97573170e-01, 9.68821347e-02, 6.26791152e-04,
        5.27701899e-02, 1.25680864e-01, 4.46544815e-04, 3.41999868e-04,
        5.23757100e-01, 5.08421101e-04, 4.10308450e-04, 3.91318987e-04],
       [5.82281558e-04, 1.97105169e-01, 9.62701216e-02, 5.96593774e-04,
        5.21699525e-02, 1.25068307e-01, 4.24337137e-04, 3.22374719e-04,
        5.26217163e-01, 4.83243086e-04, 3.89606867e-04, 3.70880152e-04]],
      dtype=float32)))","[2.2829434871673584, 1.6708167791366577, 1.584679365158081]","[0.4609375, 0.48828125, 0.4296875]",18.7185,0.49988437,"[[ 0  0 35]
 [ 0  0 16]
 [ 0  0  0]]","              precision    recall  f1-score   support

           1       0.00      0.00      0.00      35.0
           4       0.00      0.00      0.00      16.0
           8       0.00      0.00      0.00       0.0

    accuracy                           0.00      51.0
   macro avg       0.00      0.00      0.00      51.0
weighted avg       0.00      0.00      0.00      51.0
",0,0,0,0,0,nan,nan,0,0,0,"[[[16.  0.]
  [35.  0.]]

 [[35.  0.]
  [16.  0.]]

 [[ 0. 51.]
  [ 0.  0.]]]",0,"tf.Tensor(
[15.251395  15.306849  15.301186  15.313899  15.299454  15.305606
 15.3057575 15.305456  15.303224  15.301263  15.305176  15.306516
 15.304373  15.301909  15.291285  15.302929  12.943046  12.939232
 12.940503  12.944324  12.951157  12.957096  12.963324  12.953673
 12.947056  12.946912  12.957709  12.941165  12.935555  12.930979
 12.93824   12.946269  12.963012  12.958748  12.965642  12.932629
 12.9213505 12.877417  12.946894  12.958011  12.942336  12.944122
 12.943131  12.954707  12.931876  12.950041  12.9351    12.946574
 12.898841  12.933592  12.941135 ], shape=(51,), dtype=float32)",0.048232596,"[[  3.           6.           1.           1.           0.
    0.43478261   1.           6.        ]
 [  1.           2.           1.           8.           2.
    4.           0.           0.        ]
 [  1.           3.           0.          16.           2.
    3.           1.           1.        ]
 [  1.           3.           1.          32.           2.
    3.           0.           0.        ]
 [  1.           3.           0.          64.           2.
    2.           1.           0.        ]
 [  1.           2.           0.         128.           2.
    2.           1.           1.        ]
 [  1.           3.           1.         256.           2.
    2.           0.           1.        ]]","([3, 0.001, 'Adamax', 3], True, (6, [[2, 'leakyrelu', 8, 2, 4, 'Max', 'None'], [3, 'relu', 16, 2, 3, 'Avg', 'L1'], [3, 'leakyrelu', 32, 2, 3, 'Max', 'None'], [3, 'relu', 64, 2, 2, 'Avg', 'None'], [2, 'relu', 128, 2, 2, 'Avg', 'L1'], [3, 'leakyrelu', 256, 2, 2, 'Max', 'L1']]), (1, ['softmax', 0.4347826086956522, 'L1']), 'categorical_crossentropy')"
"((37, [array([[2.000e+00, 7.000e+00, 1.000e+00, 1.000e+00, 0.000e+00, 5.000e-01,
        0.000e+00, 7.000e+00],
       [1.000e+00, 1.000e+00, 1.000e+00, 1.600e+01, 2.000e+00, 3.000e+00,
        1.000e+00, 0.000e+00],
       [1.000e+00, 2.000e+00, 0.000e+00, 3.200e+01, 2.000e+00, 2.000e+00,
        0.000e+00, 0.000e+00],
       [1.000e+00, 2.000e+00, 1.000e+00, 6.400e+01, 2.000e+00, 4.000e+00,
        1.000e+00, 1.000e+00],
       [1.000e+00, 1.000e+00, 1.000e+00, 1.280e+02, 2.000e+00, 3.000e+00,
        1.000e+00, 0.000e+00],
       [1.000e+00, 3.000e+00, 0.000e+00, 2.560e+02, 2.000e+00, 3.000e+00,
        1.000e+00, 1.000e+00],
       [1.000e+00, 2.000e+00, 1.000e+00, 5.120e+02, 2.000e+00, 4.000e+00,
        0.000e+00, 0.000e+00],
       [1.000e+00, 1.000e+00, 0.000e+00, 1.024e+03, 2.000e+00, 3.000e+00,
        0.000e+00, 0.000e+00]]), 0.04397400821956651]), (([0, 0.01, 'Momentum', 3], True, (7, [[1, 'leakyrelu', 16, 2, 3, 'Avg', 'None'], [2, 'relu', 32, 2, 2, 'Max', 'None'], [2, 'leakyrelu', 64, 2, 4, 'Avg', 'L1'], [1, 'leakyrelu', 128, 2, 3, 'Avg', 'None'], [3, 'relu', 256, 2, 3, 'Avg', 'L1'], [2, 'leakyrelu', 512, 2, 4, 'Max', 'None'], [1, 'relu', 1024, 2, 3, 'Max', 'None']]), (1, ['softmax', 0.5, 'None']), 'categorical_crossentropy'), [2.432189464569092, 2.1000728607177734, 1.4696353673934937], [0.5044247508049011, 0.5840708017349243, 0.5840708017349243], 20.687, 0.48426223, <tf.Tensor: shape=(45,), dtype=float32, numpy=
array([15.977169 , 15.974884 , 15.974526 , 15.974678 , 15.974011 ,
       15.974163 , 15.974841 , 15.975731 , 15.975726 , 15.9760065,
       15.97647  , 15.975974 , 15.976647 , 15.975188 , 15.974076 ,
       15.975168 , 14.360343 , 14.363304 , 14.357823 , 14.358023 ,
       14.359959 , 14.351846 , 14.353361 , 14.350709 , 14.35402  ,
       14.35054  , 14.343718 , 14.359856 , 14.338731 , 14.356338 ,
       14.330506 , 14.357216 , 14.358498 , 14.362059 , 14.352004 ,
       14.352181 , 14.339162 , 14.324173 , 14.34261  , 14.360106 ,
       14.346459 , 14.3528595, 14.347173 , 14.355749 , 14.33956  ],
      dtype=float32)>, array([[0., 0., 0., 0., 1., 0., 0., 0., 0., 0., 0., 0.],
       [0., 0., 0., 0., 1., 0., 0., 0., 0., 0., 0., 0.],
       [0., 0., 0., 0., 1., 0., 0., 0., 0., 0., 0., 0.],
       [0., 0., 0., 0., 1., 0., 0., 0., 0., 0., 0., 0.],
       [0., 0., 0., 0., 1., 0., 0., 0., 0., 0., 0., 0.],
       [0., 0., 0., 0., 1., 0., 0., 0., 0., 0., 0., 0.],
       [0., 0., 0., 0., 1., 0., 0., 0., 0., 0., 0., 0.],
       [0., 0., 0., 0., 1., 0., 0., 0., 0., 0., 0., 0.],
       [0., 0., 0., 0., 1., 0., 0., 0., 0., 0., 0., 0.],
       [0., 0., 0., 0., 1., 0., 0., 0., 0., 0., 0., 0.],
       [0., 0., 0., 0., 1., 0., 0., 0., 0., 0., 0., 0.],
       [0., 0., 0., 0., 1., 0., 0., 0., 0., 0., 0., 0.],
       [0., 0., 0., 0., 1., 0., 0., 0., 0., 0., 0., 0.],
       [0., 0., 0., 0., 1., 0., 0., 0., 0., 0., 0., 0.],
       [0., 0., 0., 0., 1., 0., 0., 0., 0., 0., 0., 0.],
       [0., 0., 0., 0., 1., 0., 0., 0., 0., 0., 0., 0.],
       [0., 1., 0., 0., 0., 0., 0., 0., 0., 0., 0., 0.],
       [0., 1., 0., 0., 0., 0., 0., 0., 0., 0., 0., 0.],
       [0., 1., 0., 0., 0., 0., 0., 0., 0., 0., 0., 0.],
       [0., 1., 0., 0., 0., 0., 0., 0., 0., 0., 0., 0.],
       [0., 1., 0., 0., 0., 0., 0., 0., 0., 0., 0., 0.],
       [0., 1., 0., 0., 0., 0., 0., 0., 0., 0., 0., 0.],
       [0., 1., 0., 0., 0., 0., 0., 0., 0., 0., 0., 0.],
       [0., 1., 0., 0., 0., 0., 0., 0., 0., 0., 0., 0.],
       [0., 1., 0., 0., 0., 0., 0., 0., 0., 0., 0., 0.],
       [0., 1., 0., 0., 0., 0., 0., 0., 0., 0., 0., 0.],
       [0., 1., 0., 0., 0., 0., 0., 0., 0., 0., 0., 0.],
       [0., 1., 0., 0., 0., 0., 0., 0., 0., 0., 0., 0.],
       [0., 1., 0., 0., 0., 0., 0., 0., 0., 0., 0., 0.],
       [0., 1., 0., 0., 0., 0., 0., 0., 0., 0., 0., 0.],
       [0., 1., 0., 0., 0., 0., 0., 0., 0., 0., 0., 0.],
       [0., 1., 0., 0., 0., 0., 0., 0., 0., 0., 0., 0.],
       [0., 1., 0., 0., 0., 0., 0., 0., 0., 0., 0., 0.],
       [0., 1., 0., 0., 0., 0., 0., 0., 0., 0., 0., 0.],
       [0., 1., 0., 0., 0., 0., 0., 0., 0., 0., 0., 0.],
       [0., 1., 0., 0., 0., 0., 0., 0., 0., 0., 0., 0.],
       [0., 1., 0., 0., 0., 0., 0., 0., 0., 0., 0., 0.],
       [0., 1., 0., 0., 0., 0., 0., 0., 0., 0., 0., 0.],
       [0., 1., 0., 0., 0., 0., 0., 0., 0., 0., 0., 0.],
       [0., 1., 0., 0., 0., 0., 0., 0., 0., 0., 0., 0.],
       [0., 1., 0., 0., 0., 0., 0., 0., 0., 0., 0., 0.],
       [0., 1., 0., 0., 0., 0., 0., 0., 0., 0., 0., 0.],
       [0., 1., 0., 0., 0., 0., 0., 0., 0., 0., 0., 0.],
       [0., 1., 0., 0., 0., 0., 0., 0., 0., 0., 0., 0.],
       [0., 1., 0., 0., 0., 0., 0., 0., 0., 0., 0., 0.]], dtype=float32), array([[0.00325049, 0.10893897, 0.00404455, 0.00364375, 0.00874336,
        0.01733479, 0.00351313, 0.0033758 , 0.8348167 , 0.00437339,
        0.00431622, 0.00364884],
       [0.00331838, 0.10950182, 0.00412499, 0.00371949, 0.00888513,
        0.017576  , 0.00358585, 0.00344505, 0.8332595 , 0.00445972,
        0.00440141, 0.00372259],
       [0.00332878, 0.10957532, 0.00413784, 0.00373132, 0.00890738,
        0.01761138, 0.0035964 , 0.00345559, 0.83303434, 0.00447291,
        0.00441473, 0.00373411],
       [0.00332408, 0.10955351, 0.0041314 , 0.00372554, 0.00889792,
        0.01759545, 0.00359148, 0.00345033, 0.8331271 , 0.00446673,
        0.00440795, 0.00372853],
       [0.00334349, 0.10969011, 0.00415669, 0.00374895, 0.00893925,
        0.01767054, 0.00361187, 0.00347195, 0.83268726, 0.00449262,
        0.00443543, 0.00375192],
       [0.00333927, 0.10965969, 0.00415077, 0.00374272, 0.00892991,
        0.01764752, 0.00360828, 0.00346695, 0.8327939 , 0.00448695,
        0.00442779, 0.00374626],
       [0.0033191 , 0.1095116 , 0.00412543, 0.00372011, 0.0088878 ,
        0.01757794, 0.00358603, 0.00344533, 0.8332409 , 0.00446067,
        0.00440183, 0.00372323],
       [0.0032933 , 0.10929292, 0.00409516, 0.00369243, 0.00883262,
        0.01749069, 0.00355871, 0.00341905, 0.8338312 , 0.00442831,
        0.00437014, 0.00369551],
       [0.00329339, 0.10929092, 0.00409562, 0.00369285, 0.00883289,
        0.01749159, 0.00355928, 0.00341942, 0.8338294 , 0.00442834,
        0.00437063, 0.00369563],
       [0.00328541, 0.10923666, 0.00408533, 0.00368338, 0.00881558,
        0.01746099, 0.0035509 , 0.00341114, 0.8340068 , 0.00441752,
        0.00435991, 0.00368648],
       [0.00327216, 0.10912082, 0.0040703 , 0.00366995, 0.00878686,
        0.01741903, 0.00353698, 0.00339786, 0.83430725, 0.00440168,
        0.00434453, 0.00367267],
       [0.0032864 , 0.10923936, 0.0040869 , 0.00368543, 0.00881745,
        0.01746884, 0.00355084, 0.00341195, 0.8339837 , 0.00441943,
        0.00436183, 0.00368785],
       [0.00326666, 0.10908302, 0.00406267, 0.00366327, 0.00877577,
        0.01739844, 0.00352989, 0.00339146, 0.8344329 , 0.00439361,
        0.00433668, 0.00366565],
       [0.00330933, 0.10942823, 0.00411332, 0.00370899, 0.00886622,
        0.01754377, 0.00357467, 0.00343517, 0.8334715 , 0.00444782,
        0.00438895, 0.003712  ],
       [0.00334172, 0.10969433, 0.00415298, 0.00374399, 0.00893515,
        0.01765241, 0.00361089, 0.00346842, 0.83273363, 0.00448885,
        0.00442936, 0.00374819],
       [0.00331048, 0.10945715, 0.00411505, 0.00371006, 0.00886753,
        0.01754727, 0.00357701, 0.00343627, 0.8334259 , 0.00444921,
        0.00439063, 0.00371349],
       [0.0032591 , 0.10905471, 0.00405453, 0.00365481, 0.00876444,
        0.01737502, 0.00352103, 0.00338479, 0.8345574 , 0.00438682,
        0.00432872, 0.00365871],
       [0.00323715, 0.10887088, 0.00402718, 0.00363019, 0.00871575,
        0.01729721, 0.00349748, 0.00336122, 0.8350734 , 0.0043574 ,
        0.00429875, 0.0036334 ],
       [0.00327911, 0.10921092, 0.00407651, 0.00367557, 0.00880826,
        0.01744417, 0.00354207, 0.00340478, 0.8341161 , 0.0044119 ,
        0.00435154, 0.00367909],
       [0.00327576, 0.10919863, 0.00407311, 0.0036718 , 0.00879823,
        0.01742958, 0.0035381 , 0.00340074, 0.8341845 , 0.00440712,
        0.00434695, 0.00367553],
       [0.00326245, 0.10907846, 0.00405603, 0.0036568 , 0.00877093,
        0.01738332, 0.00352337, 0.00338641, 0.8345037 , 0.00438916,
        0.00432937, 0.00366002],
       [0.00332254, 0.10958185, 0.0041283 , 0.00372297, 0.00889804,
        0.01759238, 0.00358711, 0.00344846, 0.83311933, 0.00446696,
        0.00440565, 0.00372647],
       [0.00331054, 0.10948774, 0.00411491, 0.00371034, 0.00887251,
        0.01755191, 0.00357486, 0.00343636, 0.833384  , 0.0044516 ,
        0.0043911 , 0.00371412],
       [0.00332942, 0.10965231, 0.00413715, 0.00372951, 0.00891392,
        0.0176137 , 0.00359497, 0.00345601, 0.8329491 , 0.00447582,
        0.00441357, 0.00373452],
       [0.00331224, 0.10944685, 0.00411965, 0.00371431, 0.00887739,
        0.0175662 , 0.00357795, 0.00343995, 0.8333768 , 0.00445492,
        0.00439685, 0.00371679],
       [0.00333515, 0.10966285, 0.00414458, 0.00373632, 0.0089278 ,
        0.01763596, 0.00360192, 0.00346137, 0.8328498 , 0.00448287,
        0.00442104, 0.00374043],
       [0.00338656, 0.11008608, 0.00420501, 0.00379361, 0.00903295,
        0.01781166, 0.00365543, 0.0035147 , 0.83168197, 0.004548  ,
        0.00448748, 0.00379655],
       [0.00326242, 0.10908488, 0.00405679, 0.00365739, 0.00877054,
        0.01738253, 0.00352332, 0.00338709, 0.8344936 , 0.00438988,
        0.00433044, 0.00366113],
       [0.00342528, 0.11039551, 0.00424925, 0.00383388, 0.00911548,
        0.01793907, 0.00369545, 0.003554  , 0.8308265 , 0.0045961 ,
        0.00453251, 0.00383699],
       [0.00328595, 0.10930303, 0.00408462, 0.0036827 , 0.00881901,
        0.01746387, 0.0035491 , 0.00341091, 0.83393615, 0.00441916,
        0.00435908, 0.00368641],
       [0.00348627, 0.11090571, 0.00432631, 0.00390157, 0.00924696,
        0.01814779, 0.0037643 , 0.00361674, 0.8294109 , 0.00467723,
        0.00460991, 0.00390626],
       [0.00328225, 0.10924863, 0.00408247, 0.00368033, 0.00881085,
        0.01745498, 0.0035459 , 0.0034081 , 0.8340296 , 0.00441597,
        0.00435678, 0.00368408],
       [0.00327477, 0.10916913, 0.00407185, 0.00367057, 0.0087944 ,
        0.0174248 , 0.00353731, 0.00339877, 0.8342349 , 0.00440481,
        0.00434483, 0.00367394],
       [0.00324654, 0.10894813, 0.00403831, 0.00364074, 0.00873484,
        0.0173306 , 0.00350699, 0.00337082, 0.8348589 , 0.00436947,
        0.00431101, 0.0036436 ],
       [0.00331918, 0.10957217, 0.00412411, 0.00371626, 0.00888669,
        0.01757258, 0.00358422, 0.00344371, 0.8331992 , 0.00446113,
        0.00439863, 0.00372224],
       [0.00331848, 0.10956094, 0.0041241 , 0.00371883, 0.00889058,
        0.01757867, 0.00358333, 0.00344533, 0.83319384, 0.00446214,
        0.00440108, 0.00372266],
       [0.00342393, 0.11036884, 0.0042511 , 0.00383482, 0.00911661,
        0.01794238, 0.00369475, 0.00355317, 0.830845  , 0.00459748,
        0.00453378, 0.00383831],
       [0.00353443, 0.11129862, 0.0043867 , 0.00395427, 0.0093475 ,
        0.01830881, 0.00381677, 0.00366783, 0.8283117 , 0.004741  ,
        0.00467301, 0.00395937],
       [0.00339289, 0.11015462, 0.00421131, 0.00379856, 0.00904541,
        0.01782806, 0.00366204, 0.00351966, 0.8315399 , 0.00455457,
        0.00449136, 0.0038015 ],
       [0.00326025, 0.10906944, 0.00405482, 0.00365354, 0.00876334,
        0.0173731 , 0.00352248, 0.00338404, 0.8345483 , 0.00438564,
        0.00432623, 0.00365892],
       [0.00336448, 0.10991588, 0.00417925, 0.00376961, 0.00898737,
        0.01773814, 0.00363154, 0.00349224, 0.8321679 , 0.00452021,
        0.00445953, 0.0037737 ],
       [0.00330625, 0.10951881, 0.00410605, 0.00369941, 0.00886293,
        0.01752569, 0.00356962, 0.00342934, 0.8334544 , 0.00444186,
        0.00437925, 0.00370636],
       [0.00335973, 0.10987172, 0.0041711 , 0.00376068, 0.00898138,
        0.01771074, 0.00362691, 0.00348593, 0.8323046 , 0.00451222,
        0.00444908, 0.00376589],
       [0.00329254, 0.10933956, 0.00409256, 0.0036888 , 0.0088337 ,
        0.01748544, 0.00355583, 0.00341689, 0.83380795, 0.00442724,
        0.004366  , 0.00369345],
       [0.00341491, 0.11034415, 0.00424199, 0.0038241 , 0.00908877,
        0.01791011, 0.00368195, 0.00354017, 0.83101916, 0.00458578,
        0.00452042, 0.00382858]], dtype=float32)))","[2.432189464569092, 2.1000728607177734, 1.4696353673934937]","[0.5044247508049011, 0.5840708017349243, 0.5840708017349243]",20.687,0.48426223,"[[ 0  0 29]
 [ 0  0 16]
 [ 0  0  0]]","              precision    recall  f1-score   support

           1       0.00      0.00      0.00      29.0
           4       0.00      0.00      0.00      16.0
           8       0.00      0.00      0.00       0.0

    accuracy                           0.00      45.0
   macro avg       0.00      0.00      0.00      45.0
weighted avg       0.00      0.00      0.00      45.0
",0,0,0,0,0,nan,nan,0,0,0,"[[[16.  0.]
  [29.  0.]]

 [[29.  0.]
  [16.  0.]]

 [[ 0. 45.]
  [ 0.  0.]]]",0,"tf.Tensor(
[15.977169  15.974884  15.974526  15.974678  15.974011  15.974163
 15.974841  15.975731  15.975726  15.9760065 15.97647   15.975974
 15.976647  15.975188  15.974076  15.975168  14.360343  14.363304
 14.357823  14.358023  14.359959  14.351846  14.353361  14.350709
 14.35402   14.35054   14.343718  14.359856  14.338731  14.356338
 14.330506  14.357216  14.358498  14.362059  14.352004  14.352181
 14.339162  14.324173  14.34261   14.360106  14.346459  14.3528595
 14.347173  14.355749  14.33956  ], shape=(45,), dtype=float32)",0.043974008,"[[2.000e+00 7.000e+00 1.000e+00 1.000e+00 0.000e+00 5.000e-01 0.000e+00
  7.000e+00]
 [1.000e+00 1.000e+00 1.000e+00 1.600e+01 2.000e+00 3.000e+00 1.000e+00
  0.000e+00]
 [1.000e+00 2.000e+00 0.000e+00 3.200e+01 2.000e+00 2.000e+00 0.000e+00
  0.000e+00]
 [1.000e+00 2.000e+00 1.000e+00 6.400e+01 2.000e+00 4.000e+00 1.000e+00
  1.000e+00]
 [1.000e+00 1.000e+00 1.000e+00 1.280e+02 2.000e+00 3.000e+00 1.000e+00
  0.000e+00]
 [1.000e+00 3.000e+00 0.000e+00 2.560e+02 2.000e+00 3.000e+00 1.000e+00
  1.000e+00]
 [1.000e+00 2.000e+00 1.000e+00 5.120e+02 2.000e+00 4.000e+00 0.000e+00
  0.000e+00]
 [1.000e+00 1.000e+00 0.000e+00 1.024e+03 2.000e+00 3.000e+00 0.000e+00
  0.000e+00]]","([0, 0.01, 'Momentum', 3], True, (7, [[1, 'leakyrelu', 16, 2, 3, 'Avg', 'None'], [2, 'relu', 32, 2, 2, 'Max', 'None'], [2, 'leakyrelu', 64, 2, 4, 'Avg', 'L1'], [1, 'leakyrelu', 128, 2, 3, 'Avg', 'None'], [3, 'relu', 256, 2, 3, 'Avg', 'L1'], [2, 'leakyrelu', 512, 2, 4, 'Max', 'None'], [1, 'relu', 1024, 2, 3, 'Max', 'None']]), (1, ['softmax', 0.5, 'None']), 'categorical_crossentropy')"
"((48, [array([[  2.        ,   0.        ,   1.        ,   2.        ,
          0.        ,   0.43478261,   0.        ,   4.        ],
       [  1.        ,   3.        ,   1.        ,  32.        ,
          2.        ,   2.        ,   0.        ,   1.        ],
       [  1.        ,   3.        ,   1.        ,  64.        ,
          2.        ,   4.        ,   0.        ,   1.        ],
       [  1.        ,   3.        ,   1.        , 128.        ,
          2.        ,   3.        ,   1.        ,   1.        ],
       [  1.        ,   1.        ,   1.        , 256.        ,
          2.        ,   3.        ,   1.        ,   0.        ]]), 0.014691276982937719]), (([3, 0.01, 'SGD', 3], True, (4, [[3, 'leakyrelu', 32, 2, 2, 'Max', 'L1'], [3, 'leakyrelu', 64, 2, 4, 'Max', 'L1'], [3, 'leakyrelu', 128, 2, 3, 'Avg', 'L1'], [1, 'leakyrelu', 256, 2, 3, 'Avg', 'None']]), (2, ['softmax', 0.4347826086956522, 'None']), 'categorical_crossentropy'), [2.357672929763794, 1.5763394832611084, 1.3779773712158203], [0.46484375, 0.4375, 0.515625], 66.174, 1.19291902, <tf.Tensor: shape=(51,), dtype=float32, numpy=
array([14.814975 , 14.817224 , 14.817817 , 14.817821 , 14.816992 ,
       14.818104 , 14.8170805, 14.816743 , 14.81611  , 14.816192 ,
       14.815773 , 14.816273 , 14.815627 , 14.816173 , 14.815565 ,
       14.815951 , 11.628237 , 11.634678 , 11.637606 , 11.625568 ,
       11.63603  , 11.61741  , 11.6185255, 11.6189375, 11.6252165,
       11.62554  , 11.608587 , 11.626774 , 11.618726 , 11.624738 ,
       11.619756 , 11.630447 , 11.626404 , 11.631608 , 11.620267 ,
       11.620464 , 11.624823 , 11.62833  , 11.626475 , 11.626517 ,
       11.622726 , 11.630497 , 11.629094 , 11.630537 , 11.627281 ,
       11.629323 , 11.630348 , 11.624942 , 11.630915 , 11.632744 ,
       11.621541 ], dtype=float32)>, array([[0., 0., 0., 0., 1., 0., 0., 0., 0., 0., 0., 0.],
       [0., 0., 0., 0., 1., 0., 0., 0., 0., 0., 0., 0.],
       [0., 0., 0., 0., 1., 0., 0., 0., 0., 0., 0., 0.],
       [0., 0., 0., 0., 1., 0., 0., 0., 0., 0., 0., 0.],
       [0., 0., 0., 0., 1., 0., 0., 0., 0., 0., 0., 0.],
       [0., 0., 0., 0., 1., 0., 0., 0., 0., 0., 0., 0.],
       [0., 0., 0., 0., 1., 0., 0., 0., 0., 0., 0., 0.],
       [0., 0., 0., 0., 1., 0., 0., 0., 0., 0., 0., 0.],
       [0., 0., 0., 0., 1., 0., 0., 0., 0., 0., 0., 0.],
       [0., 0., 0., 0., 1., 0., 0., 0., 0., 0., 0., 0.],
       [0., 0., 0., 0., 1., 0., 0., 0., 0., 0., 0., 0.],
       [0., 0., 0., 0., 1., 0., 0., 0., 0., 0., 0., 0.],
       [0., 0., 0., 0., 1., 0., 0., 0., 0., 0., 0., 0.],
       [0., 0., 0., 0., 1., 0., 0., 0., 0., 0., 0., 0.],
       [0., 0., 0., 0., 1., 0., 0., 0., 0., 0., 0., 0.],
       [0., 0., 0., 0., 1., 0., 0., 0., 0., 0., 0., 0.],
       [0., 1., 0., 0., 0., 0., 0., 0., 0., 0., 0., 0.],
       [0., 1., 0., 0., 0., 0., 0., 0., 0., 0., 0., 0.],
       [0., 1., 0., 0., 0., 0., 0., 0., 0., 0., 0., 0.],
       [0., 1., 0., 0., 0., 0., 0., 0., 0., 0., 0., 0.],
       [0., 1., 0., 0., 0., 0., 0., 0., 0., 0., 0., 0.],
       [0., 1., 0., 0., 0., 0., 0., 0., 0., 0., 0., 0.],
       [0., 1., 0., 0., 0., 0., 0., 0., 0., 0., 0., 0.],
       [0., 1., 0., 0., 0., 0., 0., 0., 0., 0., 0., 0.],
       [0., 1., 0., 0., 0., 0., 0., 0., 0., 0., 0., 0.],
       [0., 1., 0., 0., 0., 0., 0., 0., 0., 0., 0., 0.],
       [0., 1., 0., 0., 0., 0., 0., 0., 0., 0., 0., 0.],
       [0., 1., 0., 0., 0., 0., 0., 0., 0., 0., 0., 0.],
       [0., 1., 0., 0., 0., 0., 0., 0., 0., 0., 0., 0.],
       [0., 1., 0., 0., 0., 0., 0., 0., 0., 0., 0., 0.],
       [0., 1., 0., 0., 0., 0., 0., 0., 0., 0., 0., 0.],
       [0., 1., 0., 0., 0., 0., 0., 0., 0., 0., 0., 0.],
       [0., 1., 0., 0., 0., 0., 0., 0., 0., 0., 0., 0.],
       [0., 1., 0., 0., 0., 0., 0., 0., 0., 0., 0., 0.],
       [0., 1., 0., 0., 0., 0., 0., 0., 0., 0., 0., 0.],
       [0., 1., 0., 0., 0., 0., 0., 0., 0., 0., 0., 0.],
       [0., 1., 0., 0., 0., 0., 0., 0., 0., 0., 0., 0.],
       [0., 1., 0., 0., 0., 0., 0., 0., 0., 0., 0., 0.],
       [0., 1., 0., 0., 0., 0., 0., 0., 0., 0., 0., 0.],
       [0., 1., 0., 0., 0., 0., 0., 0., 0., 0., 0., 0.],
       [0., 1., 0., 0., 0., 0., 0., 0., 0., 0., 0., 0.],
       [0., 1., 0., 0., 0., 0., 0., 0., 0., 0., 0., 0.],
       [0., 1., 0., 0., 0., 0., 0., 0., 0., 0., 0., 0.],
       [0., 1., 0., 0., 0., 0., 0., 0., 0., 0., 0., 0.],
       [0., 1., 0., 0., 0., 0., 0., 0., 0., 0., 0., 0.],
       [0., 1., 0., 0., 0., 0., 0., 0., 0., 0., 0., 0.],
       [0., 1., 0., 0., 0., 0., 0., 0., 0., 0., 0., 0.],
       [0., 1., 0., 0., 0., 0., 0., 0., 0., 0., 0., 0.],
       [0., 1., 0., 0., 0., 0., 0., 0., 0., 0., 0., 0.],
       [0., 1., 0., 0., 0., 0., 0., 0., 0., 0., 0., 0.],
       [0., 1., 0., 0., 0., 0., 0., 0., 0., 0., 0., 0.]], dtype=float32), array([[0.00100377, 0.27817458, 0.0978918 , 0.00099638, 0.08084843,
        0.1079905 , 0.0009972 , 0.00101228, 0.428082  , 0.00098851,
        0.00099522, 0.00101944],
       [0.0009903 , 0.27844837, 0.09771661, 0.00098229, 0.08070883,
        0.10798959, 0.00098362, 0.00099886, 0.4282189 , 0.0009753 ,
        0.00098145, 0.00100586],
       [0.00098981, 0.2784718 , 0.09766063, 0.00098193, 0.0806718 ,
        0.1079758 , 0.00098305, 0.00099812, 0.42830613, 0.00097455,
        0.00098105, 0.0010052 ],
       [0.00098579, 0.2785227 , 0.09765045, 0.00097779, 0.08067168,
        0.10793152, 0.00097942, 0.00099405, 0.42833716, 0.00097105,
        0.00097709, 0.00100117],
       [0.00099022, 0.27838734, 0.09771677, 0.00098219, 0.08072308,
        0.10802812, 0.00098343, 0.00099853, 0.42822814, 0.00097505,
        0.00098144, 0.00100563],
       [0.00098642, 0.27853963, 0.09768354, 0.00097836, 0.08065422,
        0.10793541, 0.00097984, 0.00099479, 0.42829663, 0.0009715 ,
        0.00097778, 0.00100195],
       [0.00099097, 0.2783787 , 0.09769774, 0.0009831 , 0.08071771,
        0.10802818, 0.00098462, 0.00099945, 0.42825443, 0.0009762 ,
        0.00098229, 0.00100667],
       [0.00099321, 0.27829838, 0.09772208, 0.00098534, 0.08073852,
        0.10804451, 0.00098646, 0.00100164, 0.4282584 , 0.00097823,
        0.00098439, 0.00100889],
       [0.00099496, 0.27825   , 0.09772989, 0.00098724, 0.08077803,
        0.10809066, 0.0009882 , 0.00100342, 0.42820102, 0.00097986,
        0.00098614, 0.00101062],
       [0.00099565, 0.27821502, 0.09773183, 0.00098791, 0.08077297,
        0.10807312, 0.00098899, 0.00100436, 0.42825127, 0.00098064,
        0.00098697, 0.00101141],
       [0.00099743, 0.2781418 , 0.09772494, 0.00098965, 0.08079869,
        0.10812294, 0.00099053, 0.00100624, 0.42824343, 0.0009823 ,
        0.00098876, 0.00101322],
       [0.00099381, 0.27829763, 0.09773166, 0.00098593, 0.08076783,
        0.10806251, 0.00098712, 0.00100251, 0.42819792, 0.0009787 ,
        0.0009851 , 0.00100931],
       [0.00099733, 0.27818236, 0.09774113, 0.00098955, 0.08080801,
        0.10810924, 0.00099044, 0.00100584, 0.42819238, 0.00098222,
        0.00098855, 0.00101305],
       [0.00099422, 0.27830258, 0.09775003, 0.0009867 , 0.08077405,
        0.10804756, 0.00098779, 0.00100311, 0.428179  , 0.0009792 ,
        0.00098567, 0.00101012],
       [0.00099635, 0.27822334, 0.09776805, 0.00098837, 0.08081179,
        0.10810123, 0.00098942, 0.00100499, 0.42813593, 0.00098116,
        0.00098743, 0.00101203],
       [0.00099644, 0.27821115, 0.09777526, 0.00098835, 0.08078765,
        0.10811977, 0.00098955, 0.00100494, 0.42814603, 0.00098127,
        0.00098753, 0.00101203],
       [0.00099204, 0.27856025, 0.09782615, 0.00098425, 0.08078372,
        0.10789188, 0.00098555, 0.00100011, 0.4280092 , 0.00097718,
        0.00098244, 0.00100732],
       [0.00100384, 0.27816057, 0.09784095, 0.00099518, 0.08080836,
        0.10806978, 0.00099612, 0.00101221, 0.42811155, 0.00098818,
        0.00099465, 0.00101862],
       [0.00100761, 0.2779788 , 0.09792034, 0.0009995 , 0.08092503,
        0.10808708, 0.00100048, 0.0010163 , 0.42805156, 0.00099175,
        0.00099838, 0.00102305],
       [0.00098583, 0.2787256 , 0.09769816, 0.00097788, 0.08063269,
        0.10784394, 0.00097894, 0.00099388, 0.42821437, 0.00097094,
        0.00097711, 0.00100067],
       [0.00100198, 0.2780767 , 0.0978281 , 0.00099391, 0.08081336,
        0.10805991, 0.00099511, 0.00101026, 0.42822468, 0.00098625,
        0.0009926 , 0.0010172 ],
       [0.00096447, 0.27923197, 0.09753342, 0.00095655, 0.08034301,
        0.10746233, 0.00095858, 0.00097158, 0.42869264, 0.00095068,
        0.00095545, 0.00097943],
       [0.00096915, 0.27916265, 0.09755526, 0.00096138, 0.08041815,
        0.10757969, 0.00096252, 0.00097639, 0.42851666, 0.00095477,
        0.00095966, 0.00098377],
       [0.00096786, 0.2791371 , 0.09748393, 0.00096008, 0.08042333,
        0.10749813, 0.00096207, 0.0009753 , 0.4286965 , 0.00095409,
        0.00095877, 0.00098289],
       [0.00098436, 0.27874753, 0.09772409, 0.0009766 , 0.080613  ,
        0.10783771, 0.00097833, 0.00099249, 0.42820266, 0.00096872,
        0.00097536, 0.00099919],
       [0.00098182, 0.27872753, 0.09769883, 0.00097472, 0.08054946,
        0.10767238, 0.00097648, 0.00099071, 0.42848888, 0.00096768,
        0.00097401, 0.00099754],
       [0.00094914, 0.2797794 , 0.09736065, 0.00094244, 0.08005143,
        0.10710122, 0.00094389, 0.00095706, 0.42907497, 0.00093536,
        0.00094069, 0.00096384],
       [0.00098695, 0.27865085, 0.09769245, 0.00098016, 0.08068269,
        0.10773509, 0.00098104, 0.0009962 , 0.42833978, 0.00097308,
        0.00097877, 0.00100287],
       [0.00097241, 0.2791501 , 0.09759017, 0.00096502, 0.08042774,
        0.10760248, 0.00096676, 0.00098037, 0.42843652, 0.00095777,
        0.00096313, 0.00098741],
       [0.00098748, 0.27877724, 0.09770864, 0.00097954, 0.08058315,
        0.10778061, 0.00098064, 0.00099583, 0.42825326, 0.0009726 ,
        0.0009782 , 0.00100279],
       [0.00096863, 0.27908635, 0.09759896, 0.00096143, 0.08040985,
        0.10739459, 0.00096212, 0.00097632, 0.42874506, 0.00095381,
        0.00095987, 0.00098303],
       [0.00099078, 0.27842283, 0.09775116, 0.00098285, 0.08069604,
        0.1078625 , 0.00098407, 0.00099877, 0.42834666, 0.00097568,
        0.0009822 , 0.00100631],
       [0.00098132, 0.27867386, 0.09761477, 0.00097354, 0.08053161,
        0.10774049, 0.00097472, 0.00098959, 0.42858353, 0.00096704,
        0.00097262, 0.00099692],
       [0.00099381, 0.27835077, 0.09773343, 0.00098586, 0.08073784,
        0.10793784, 0.00098733, 0.00100228, 0.42829686, 0.00097906,
        0.00098529, 0.00100948],
       [0.00097094, 0.27905452, 0.09753797, 0.0009633 , 0.08039837,
        0.10753306, 0.00096484, 0.00097904, 0.42869198, 0.00095711,
        0.00096262, 0.0009862 ],
       [0.00097609, 0.2790425 , 0.09761089, 0.00096736, 0.08049647,
        0.10761479, 0.00096888, 0.00098314, 0.42842135, 0.00096132,
        0.00096673, 0.00099066],
       [0.0009841 , 0.27877194, 0.09777565, 0.00097603, 0.08059626,
        0.1076516 , 0.00097809, 0.00099282, 0.4283311 , 0.00096876,
        0.00097487, 0.00099879],
       [0.00099614, 0.27855444, 0.0978509 , 0.00098841, 0.08075684,
        0.10785785, 0.00098906, 0.00100484, 0.42802358, 0.00098046,
        0.00098674, 0.00101083],
       [0.00099195, 0.27866936, 0.09782092, 0.00098473, 0.08068209,
        0.10773343, 0.00098563, 0.00100088, 0.42816347, 0.00097699,
        0.00098297, 0.00100751],
       [0.0009893 , 0.27866673, 0.09768989, 0.00098149, 0.08066473,
        0.1078143 , 0.00098234, 0.00099768, 0.4282541 , 0.00097465,
        0.00097999, 0.00100471],
       [0.0009818 , 0.27890208, 0.09769836, 0.00097399, 0.08056851,
        0.10770247, 0.00097534, 0.00099005, 0.4282711 , 0.00096718,
        0.00097246, 0.00099672],
       [0.00099464, 0.27842003, 0.09780253, 0.00098676, 0.08073501,
        0.10791723, 0.00098767, 0.00100336, 0.42817733, 0.00097986,
        0.00098549, 0.00101017],
       [0.00099328, 0.27850688, 0.09783065, 0.00098554, 0.08069088,
        0.10784028, 0.00098662, 0.00100196, 0.42819348, 0.00097793,
        0.00098394, 0.00100853],
       [0.00099551, 0.27841747, 0.09784345, 0.00098802, 0.08076474,
        0.10792124, 0.00098932, 0.001005  , 0.42809615, 0.000981  ,
        0.00098698, 0.00101116],
       [0.00099667, 0.27861944, 0.09788366, 0.00098916, 0.08083408,
        0.107931  , 0.00098963, 0.00100557, 0.4277697 , 0.00098154,
        0.00098783, 0.00101175],
       [0.00099981, 0.2784929 , 0.09785593, 0.00099123, 0.08077158,
        0.10798252, 0.00099267, 0.00100839, 0.42791432, 0.00098466,
        0.00099089, 0.00101521],
       [0.00099834, 0.27842903, 0.09786846, 0.00099067, 0.08079459,
        0.10791874, 0.00099158, 0.00100699, 0.42801592, 0.00098286,
        0.00098907, 0.00101375],
       [0.00098586, 0.2787645 , 0.097742  , 0.00097813, 0.08060713,
        0.10777172, 0.00097954, 0.00099427, 0.42822742, 0.00097091,
        0.00097733, 0.00100112],
       [0.00099815, 0.278394  , 0.09790375, 0.00099021, 0.08077655,
        0.10792354, 0.0009911 , 0.00100706, 0.42803013, 0.00098312,
        0.000989  , 0.00101335],
       [0.00100274, 0.27828053, 0.09790491, 0.00099479, 0.08085927,
        0.10799804, 0.00099548, 0.00101153, 0.42795357, 0.00098737,
        0.0009938 , 0.00101796],
       [0.00097751, 0.27897552, 0.09772283, 0.0009699 , 0.08051018,
        0.10756455, 0.00097148, 0.00098571, 0.42840034, 0.00096164,
        0.00096809, 0.00099224]], dtype=float32)))","[2.357672929763794, 1.5763394832611084, 1.3779773712158203]","[0.46484375, 0.4375, 0.515625]",66.174,1.19291902,"[[ 0  0 35]
 [ 0  0 16]
 [ 0  0  0]]","              precision    recall  f1-score   support

           1       0.00      0.00      0.00      35.0
           4       0.00      0.00      0.00      16.0
           8       0.00      0.00      0.00       0.0

    accuracy                           0.00      51.0
   macro avg       0.00      0.00      0.00      51.0
weighted avg       0.00      0.00      0.00      51.0
",0,0,0,0,0,nan,nan,0,0,0,"[[[16.  0.]
  [35.  0.]]

 [[35.  0.]
  [16.  0.]]

 [[ 0. 51.]
  [ 0.  0.]]]",0,"tf.Tensor(
[14.814975  14.817224  14.817817  14.817821  14.816992  14.818104
 14.8170805 14.816743  14.81611   14.816192  14.815773  14.816273
 14.815627  14.816173  14.815565  14.815951  11.628237  11.634678
 11.637606  11.625568  11.63603   11.61741   11.6185255 11.6189375
 11.6252165 11.62554   11.608587  11.626774  11.618726  11.624738
 11.619756  11.630447  11.626404  11.631608  11.620267  11.620464
 11.624823  11.62833   11.626475  11.626517  11.622726  11.630497
 11.629094  11.630537  11.627281  11.629323  11.630348  11.624942
 11.630915  11.632744  11.621541 ], shape=(51,), dtype=float32)",0.014691277,"[[  2.           0.           1.           2.           0.
    0.43478261   0.           4.        ]
 [  1.           3.           1.          32.           2.
    2.           0.           1.        ]
 [  1.           3.           1.          64.           2.
    4.           0.           1.        ]
 [  1.           3.           1.         128.           2.
    3.           1.           1.        ]
 [  1.           1.           1.         256.           2.
    3.           1.           0.        ]]","([3, 0.01, 'SGD', 3], True, (4, [[3, 'leakyrelu', 32, 2, 2, 'Max', 'L1'], [3, 'leakyrelu', 64, 2, 4, 'Max', 'L1'], [3, 'leakyrelu', 128, 2, 3, 'Avg', 'L1'], [1, 'leakyrelu', 256, 2, 3, 'Avg', 'None']]), (2, ['softmax', 0.4347826086956522, 'None']), 'categorical_crossentropy')"
